str_code,spu_code,sub_cate_name,cluster_id,cluster_adoption,recommended_quantity,expected_investment,sell_through_validated,simulated_season,climate_gate_passed,time_gate_passed,suppression_reason,store_temperature,spu_temperature_band,current_season,final_recommendation
33519,ACCESSORY_0000,配饰,13,0.9169536500409153,5,396.4354168406294,True,all,True,True,,33.82378165321106,All,summer_peak,ADD
32426,TSHIRT_0001,T恤,9,0.80871254182523,8,734.0463611641414,True,summer,True,True,,41.464377692064495,Hot,summer_peak,ADD
13148,KNIT_0002,针织衫,41,0.8084617368540651,8,1681.6410175208014,True,transition,True,False,Cool products NOT appropriate for summer_peak,26.47382669114642,Cool,summer_peak,SUPPRESS_TIME
35124,JACKET_0003,夹克,15,0.8926222264441575,6,113.42597991746307,True,transition,True,False,Cool products NOT appropriate for summer_peak,24.736444384583397,Cool,summer_peak,SUPPRESS_TIME
32446,ACCESSORY_0004,配饰,3,0.8599791457572883,3,826.6777834076092,True,all,True,True,,31.624751522277595,All,summer_peak,ADD
36103,SHORT_SLV_0005,短袖,10,0.8069675619079997,3,1392.5843233167814,True,summer,True,True,,31.359264696068493,Hot,summer_peak,ADD
61023,PADDED_0006,棉服,41,0.942332830588,2,832.2913548258406,True,winter,True,False,Cold products NOT appropriate for summer_peak,33.917428422304496,Cold,summer_peak,SUPPRESS_TIME
37156,TSHIRT_0007,T恤,6,0.8914994986673931,8,165.33819011891495,True,summer,True,True,,36.90490614584985,Hot,summer_peak,ADD
61143,DOWN_0008,羽绒服,20,0.8388169972400026,8,1535.1866796035397,True,winter,True,False,Cold products NOT appropriate for summer_peak,31.955627227587343,Cold,summer_peak,SUPPRESS_TIME
61143,DOWN_0008,羽绒服,20,0.8388169972400026,8,1535.1866796035397,True,winter,True,False,Cold products NOT appropriate for summer_peak,32.143213148502326,Cold,summer_peak,SUPPRESS_TIME
34094,KNIT_0009,针织衫,21,0.8311912494302284,4,451.22346549850135,True,transition,True,False,Cool products NOT appropriate for summer_peak,36.363186846965384,Cool,summer_peak,SUPPRESS_TIME
33188,PADDED_0010,棉服,13,0.9162699235041671,2,850.7854484034474,True,winter,True,False,Cold products NOT appropriate for summer_peak,38.11675420047066,Cold,summer_peak,SUPPRESS_TIME
33743,SHORTS_0011,短裤,8,0.8855665961608099,9,1926.2268462637633,True,summer,True,True,,36.005525573773426,Hot,summer_peak,ADD
32210,JACKET_0012,夹克,3,0.8880126748495772,9,633.7755684060235,True,transition,True,False,Cool products NOT appropriate for summer_peak,31.35750011246025,Cool,summer_peak,SUPPRESS_TIME
32284,SHORT_SLV_0013,短袖,22,0.8444410258556124,1,129.70917280826848,True,summer,True,True,,34.97399648314536,Hot,summer_peak,ADD
37174,DOWN_0014,羽绒服,10,0.8298073522301259,8,126.75166315866046,True,winter,True,False,Cold products NOT appropriate for summer_peak,33.30717481411383,Cold,summer_peak,SUPPRESS_TIME
42083,DOWN_0015,羽绒服,10,0.9067012929122975,3,1565.413658703297,True,winter,True,False,Cold products NOT appropriate for summer_peak,30.498128755358415,Cold,summer_peak,SUPPRESS_TIME
44385,UNDERWEAR_0016,内衣,1,0.853769859281641,9,1838.4233835331834,True,all,True,True,,25.27664306933066,All,summer_peak,ADD
31026,SHORTS_0017,短裤,13,0.8674176011207305,1,220.7608655434449,True,summer,True,True,,35.033454865512596,Hot,summer_peak,ADD
44288,JACKET_0018,夹克,15,0.9094409267507096,8,621.971406681122,True,transition,True,False,Cool products NOT appropriate for summer_peak,31.771625815606196,Cool,summer_peak,SUPPRESS_TIME
43014,DOWN_0019,羽绒服,4,0.8574390312130685,3,1545.491592372105,True,winter,True,False,Cold products NOT appropriate for summer_peak,32.67843079328922,Cold,summer_peak,SUPPRESS_TIME
32502,TSHIRT_0020,T恤,3,0.8060650384307647,3,159.71545280479506,True,summer,True,True,,33.84726905997495,Hot,summer_peak,ADD
32593,TRENCH_0021,风衣,29,0.936134971088914,7,1248.3930206278528,True,transition,True,False,Cool products NOT appropriate for summer_peak,33.316716183497,Cool,summer_peak,SUPPRESS_TIME
44100,ACCESSORY_0022,配饰,15,0.8304591837102154,7,650.5277605361592,True,all,True,True,,32.01619455244636,All,summer_peak,ADD
44427,PADDED_0023,棉服,1,0.893653107220069,9,300.43909367751417,True,winter,True,False,Cold products NOT appropriate for summer_peak,33.67970053551281,Cold,summer_peak,SUPPRESS_TIME
33384,TRENCH_0024,风衣,13,0.9338838497734966,7,1802.573469854637,True,transition,True,False,Cool products NOT appropriate for summer_peak,35.556326182093805,Cool,summer_peak,SUPPRESS_TIME
61093,DOWN_0025,羽绒服,20,0.8408198374076953,9,1654.228055252737,True,winter,True,False,Cold products NOT appropriate for summer_peak,23.40979886235908,Cold,summer_peak,SUPPRESS_TIME
44321,WOOL_0026,毛呢大衣,1,0.8010428195796786,8,1114.7698968133398,True,winter,True,False,Cold products NOT appropriate for summer_peak,26.61071510302318,Cold,summer_peak,SUPPRESS_TIME
32137,JACKET_0027,夹克,21,0.9038654049335405,8,1891.5284374337864,True,transition,True,False,Cool products NOT appropriate for summer_peak,34.66996698649173,Cool,summer_peak,SUPPRESS_TIME
43147,SHORTS_0028,短裤,4,0.9054528438342767,1,223.29526950706497,True,summer,True,True,,31.018011656276176,Hot,summer_peak,ADD
32593,TSHIRT_0029,T恤,29,0.8745872758838579,1,381.3651669114598,True,summer,True,True,,33.316716183497,Hot,summer_peak,ADD
33177,DOWN_0030,羽绒服,8,0.9464922433748979,6,162.79639251104194,True,winter,True,False,Cold products NOT appropriate for summer_peak,35.77328717483057,Cold,summer_peak,SUPPRESS_TIME
44303,DOWN_0031,羽绒服,1,0.8951527017052046,2,1108.7757083025592,True,winter,True,False,Cold products NOT appropriate for summer_peak,24.602291886501575,Cold,summer_peak,SUPPRESS_TIME
44146,KNIT_0032,针织衫,44,0.8363082907267251,4,253.62132003215896,True,transition,True,False,Cool products NOT appropriate for summer_peak,25.489165503181063,Cool,summer_peak,SUPPRESS_TIME
13135,DOWN_0033,羽绒服,41,0.909232452291779,8,993.571205447473,True,winter,True,False,Cold products NOT appropriate for summer_peak,23.229473211821748,Cold,summer_peak,SUPPRESS_TIME
31021,KNIT_0034,针织衫,13,0.8803662026112138,1,386.363333534316,True,transition,True,False,Cool products NOT appropriate for summer_peak,34.44724534968795,Cool,summer_peak,SUPPRESS_TIME
21073,KNIT_0035,针织衫,2,0.9043719210186323,3,1222.6965920576595,True,transition,True,False,Cool products NOT appropriate for summer_peak,33.80200648311035,Cool,summer_peak,SUPPRESS_TIME
45140,WOOL_0036,毛呢大衣,1,0.9066724298657026,3,762.4653758542858,True,winter,True,False,Cold products NOT appropriate for summer_peak,28.603228891208605,Cold,summer_peak,SUPPRESS_TIME
44239,TRENCH_0037,风衣,44,0.9410784896734405,8,834.7971579710211,True,transition,True,False,Cool products NOT appropriate for summer_peak,25.709960027322587,Cool,summer_peak,SUPPRESS_TIME
32750,ACCESSORY_0038,配饰,22,0.8511599526575387,9,497.236079401656,True,all,True,True,,26.6170681394287,All,summer_peak,ADD
41164,UNDERWEAR_0039,内衣,10,0.8386912441572734,9,1081.6081934149272,True,all,True,True,,25.350837480186463,All,summer_peak,ADD
33553,PADDED_0040,棉服,22,0.9494380549636886,5,1810.7943086103278,True,winter,True,False,Cold products NOT appropriate for summer_peak,30.41875107389535,Cold,summer_peak,SUPPRESS_TIME
51147,SHORT_SLV_0041,短袖,16,0.8523814361918991,3,1727.0161545683757,True,summer,True,True,,34.37900640654363,Hot,summer_peak,ADD
51241,SHORTS_0042,短裤,37,0.9331655148141439,4,259.8659334905928,True,summer,True,True,,32.28158446379527,Hot,summer_peak,ADD
41178,KNIT_0043,针织衫,10,0.9003482382071343,3,807.3372564673118,True,transition,True,False,Cool products NOT appropriate for summer_peak,33.599689859440424,Cool,summer_peak,SUPPRESS_TIME
42030,WOOL_0044,毛呢大衣,10,0.9460495755132976,2,405.53529769324746,True,winter,True,False,Cold products NOT appropriate for summer_peak,34.39307802064021,Cold,summer_peak,SUPPRESS_TIME
32210,PADDED_0045,棉服,3,0.903784279653904,9,434.2579800869562,True,winter,True,False,Cold products NOT appropriate for summer_peak,31.35750011246025,Cold,summer_peak,SUPPRESS_TIME
43080,DOWN_0046,羽绒服,10,0.8740840572775151,4,796.2906907074339,True,winter,True,False,Cold products NOT appropriate for summer_peak,30.386902503592214,Cold,summer_peak,SUPPRESS_TIME
41107,TSHIRT_0047,T恤,10,0.9081409886378193,1,1130.8264380543087,True,summer,True,True,,32.502699208146,Hot,summer_peak,ADD
33685,WOOL_0048,毛呢大衣,8,0.8954498927278843,6,563.5803224202588,True,winter,True,False,Cold products NOT appropriate for summer_peak,41.39588663999949,Cold,summer_peak,SUPPRESS_TIME
51209,KNIT_0049,针织衫,37,0.858964658700014,6,1821.5876966652527,True,transition,True,False,Cool products NOT appropriate for summer_peak,39.12087416879839,Cool,summer_peak,SUPPRESS_TIME
51179,PADDED_0050,棉服,37,0.8525117611542014,1,1196.1173807900823,True,winter,True,False,Cold products NOT appropriate for summer_peak,37.727221267129394,Cold,summer_peak,SUPPRESS_TIME
33694,DOWN_0051,羽绒服,5,0.8292864481697066,3,1186.807978497448,True,winter,True,False,Cold products NOT appropriate for summer_peak,32.4736747438094,Cold,summer_peak,SUPPRESS_TIME
35124,DOWN_0052,羽绒服,15,0.8065405657631651,5,1778.638642305892,True,winter,True,False,Cold products NOT appropriate for summer_peak,24.736444384583397,Cold,summer_peak,SUPPRESS_TIME
44321,JACKET_0053,夹克,1,0.9392477843881588,1,1150.2534369874309,True,transition,True,False,Cool products NOT appropriate for summer_peak,26.61071510302318,Cool,summer_peak,SUPPRESS_TIME
32683,WOOL_0054,毛呢大衣,9,0.9470497375574068,4,659.4528949322128,True,winter,True,False,Cold products NOT appropriate for summer_peak,32.068938093726004,Cold,summer_peak,SUPPRESS_TIME
33723,TSHIRT_0055,T恤,22,0.8402712285335235,3,422.03621870357574,True,summer,True,True,,32.901925182203264,Hot,summer_peak,ADD
44421,UNDERWEAR_0056,内衣,15,0.9404232161241171,3,1183.1162231697933,True,all,True,True,,25.32660309673525,All,summer_peak,ADD
32712,KNIT_0057,针织衫,12,0.8537970171944246,2,712.846452053341,True,transition,True,False,Cool products NOT appropriate for summer_peak,24.054267659966985,Cool,summer_peak,SUPPRESS_TIME
31175,TSHIRT_0058,T恤,5,0.844038776639674,7,897.5836272479254,True,summer,True,True,,39.433840388964384,Hot,summer_peak,ADD
44455,SHORT_SLV_0059,短袖,44,0.8917270566298521,7,1052.8809599056792,True,summer,True,True,,26.282569134208153,Hot,summer_peak,ADD
33139,TRENCH_0060,风衣,8,0.8974945896166647,3,742.190798017918,True,transition,True,False,Cool products NOT appropriate for summer_peak,32.13722647538947,Cool,summer_peak,SUPPRESS_TIME
34280,PADDED_0061,棉服,9,0.8140972909761304,7,1376.8496570608788,True,winter,True,False,Cold products NOT appropriate for summer_peak,37.73294653182543,Cold,summer_peak,SUPPRESS_TIME
11162,SHORT_SLV_0062,短袖,2,0.8232562425091616,6,1222.5831950811205,True,summer,False,True,Temperature 24.5°C outside Hot band (26-inf°C),24.484835113277462,Hot,summer_peak,SUPPRESS_CLIMATE
44190,UNDERWEAR_0063,内衣,1,0.9233900840989487,6,1120.4566116736453,True,all,True,True,,22.7094138339386,All,summer_peak,ADD
43066,JACKET_0064,夹克,4,0.8685897742420593,6,198.19527022035462,True,transition,True,False,Cool products NOT appropriate for summer_peak,33.540942495379355,Cool,summer_peak,SUPPRESS_TIME
11151,WOOL_0065,毛呢大衣,2,0.895614485224731,4,352.2163022616426,True,winter,True,False,Cold products NOT appropriate for summer_peak,25.21217891246366,Cold,summer_peak,SUPPRESS_TIME
32265,UNDERWEAR_0066,内衣,9,0.8484434709411869,1,857.7597127451096,True,all,True,True,,36.525408769127544,All,summer_peak,ADD
44407,UNDERWEAR_0067,内衣,1,0.8117684572013399,5,450.2339812296031,True,all,True,True,,32.20299014459728,All,summer_peak,ADD
44470,TSHIRT_0068,T恤,24,0.8642471712410161,5,210.56783146604286,True,summer,False,True,Temperature 25.3°C outside Hot band (26-inf°C),25.30763294367473,Hot,summer_peak,SUPPRESS_CLIMATE
32720,DOWN_0069,羽绒服,3,0.8663528344596657,6,1457.7322531301184,True,winter,True,False,Cold products NOT appropriate for summer_peak,26.825753035345464,Cold,summer_peak,SUPPRESS_TIME
32476,JACKET_0070,夹克,29,0.8957405890765026,7,1348.511524150317,True,transition,True,False,Cool products NOT appropriate for summer_peak,23.526758556599532,Cool,summer_peak,SUPPRESS_TIME
32636,KNIT_0071,针织衫,5,0.9095058974842728,3,570.6888800521991,True,transition,True,False,Cool products NOT appropriate for summer_peak,28.93115308759075,Cool,summer_peak,SUPPRESS_TIME
32636,KNIT_0071,针织衫,5,0.9095058974842728,3,570.6888800521991,True,transition,True,False,Cool products NOT appropriate for summer_peak,30.92357410158851,Cool,summer_peak,SUPPRESS_TIME
44101,WOOL_0072,毛呢大衣,1,0.9136769165696553,9,749.571366761163,True,winter,True,False,Cold products NOT appropriate for summer_peak,33.915905239332865,Cold,summer_peak,SUPPRESS_TIME
36041,JACKET_0073,夹克,4,0.8141235482402841,4,433.1275127897432,True,transition,True,False,Cool products NOT appropriate for summer_peak,35.91789267393581,Cool,summer_peak,SUPPRESS_TIME
32573,TRENCH_0074,风衣,3,0.8259802804865023,5,857.1589953550096,True,transition,True,False,Cool products NOT appropriate for summer_peak,39.06381868604314,Cool,summer_peak,SUPPRESS_TIME
44351,JACKET_0075,夹克,1,0.933002058094707,4,811.7639677902953,True,transition,True,False,Cool products NOT appropriate for summer_peak,31.97673779136191,Cool,summer_peak,SUPPRESS_TIME
43147,DOWN_0076,羽绒服,4,0.8809066172600094,4,1270.1172123408362,True,winter,True,False,Cold products NOT appropriate for summer_peak,31.018011656276176,Cold,summer_peak,SUPPRESS_TIME
32206,TSHIRT_0077,T恤,9,0.9416377395687751,4,1193.40093796417,True,summer,True,True,,34.85992185343216,Hot,summer_peak,ADD
43012,DOWN_0078,羽绒服,32,0.9216806265104004,5,1289.2853731929883,True,winter,True,False,Cold products NOT appropriate for summer_peak,37.007186794489584,Cold,summer_peak,SUPPRESS_TIME
41170,SHORTS_0079,短裤,6,0.9358025962934096,2,174.02995138944388,True,summer,True,True,,31.329329977236313,Hot,summer_peak,ADD
33296,WOOL_0080,毛呢大衣,8,0.850483132233309,8,832.2535798345735,True,winter,True,False,Cold products NOT appropriate for summer_peak,33.48490779979775,Cold,summer_peak,SUPPRESS_TIME
43129,PADDED_0081,棉服,4,0.8391041792353855,7,324.5131724811469,True,winter,True,False,Cold products NOT appropriate for summer_peak,32.04469578175582,Cold,summer_peak,SUPPRESS_TIME
43185,ACCESSORY_0082,配饰,10,0.931620802029058,4,894.0974602595996,True,all,True,True,,32.268754727948355,All,summer_peak,ADD
33112,UNDERWEAR_0083,内衣,22,0.8635206413462178,8,1632.9860046078015,True,all,True,True,,32.122447181030765,All,summer_peak,ADD
34301,TRENCH_0084,风衣,9,0.8558027128689175,7,1203.0336234534286,True,transition,True,False,Cool products NOT appropriate for summer_peak,34.95685938164514,Cool,summer_peak,SUPPRESS_TIME
11130,DOWN_0085,羽绒服,2,0.9019767169850369,7,1533.6314607608965,True,winter,True,False,Cold products NOT appropriate for summer_peak,25.89848584981681,Cold,summer_peak,SUPPRESS_TIME
33540,DOWN_0086,羽绒服,22,0.8801491210295845,4,1670.269185604709,True,winter,True,False,Cold products NOT appropriate for summer_peak,37.07860545417684,Cold,summer_peak,SUPPRESS_TIME
37167,ACCESSORY_0087,配饰,10,0.8149977330742796,4,120.59153781256688,True,all,True,True,,31.261292087676424,All,summer_peak,ADD
12067,SHORT_SLV_0088,短袖,2,0.8478970456385623,4,1189.5319874342435,True,summer,False,True,Temperature 24.7°C outside Hot band (26-inf°C),24.715929017950028,Hot,summer_peak,SUPPRESS_CLIMATE
41025,JACKET_0089,夹克,34,0.8137556220887722,9,1152.0357994570213,True,transition,True,False,Cool products NOT appropriate for summer_peak,31.901330917686025,Cool,summer_peak,SUPPRESS_TIME
42024,TRENCH_0090,风衣,4,0.9419291814322535,9,315.5827438331512,True,transition,True,False,Cool products NOT appropriate for summer_peak,35.539589497568656,Cool,summer_peak,SUPPRESS_TIME
34170,UNDERWEAR_0091,内衣,3,0.8086338140024967,5,1500.3675579029168,True,all,True,True,,38.65523672638596,All,summer_peak,ADD
33267,ACCESSORY_0092,配饰,8,0.9058747225818041,9,1546.8702002631971,True,all,True,True,,25.572868350991847,All,summer_peak,ADD
42121,SHORTS_0093,短裤,32,0.8109144509546291,2,1794.6041266758757,True,summer,True,True,,31.61599761618885,Hot,summer_peak,ADD
35128,JACKET_0094,夹克,15,0.8769989253038589,6,1974.6151991522333,True,transition,True,False,Cool products NOT appropriate for summer_peak,32.87036924868816,Cool,summer_peak,SUPPRESS_TIME
42080,DOWN_0095,羽绒服,32,0.9320539952957625,1,1899.7722970293316,True,winter,True,False,Cold products NOT appropriate for summer_peak,33.12353605028444,Cold,summer_peak,SUPPRESS_TIME
31077,TRENCH_0096,风衣,22,0.8525327370050471,3,1576.5791402621298,True,transition,True,False,Cool products NOT appropriate for summer_peak,32.30143087083642,Cool,summer_peak,SUPPRESS_TIME
35106,TSHIRT_0097,T恤,15,0.8636333013870464,3,311.2752163816875,True,summer,True,True,,26.971064808976468,Hot,summer_peak,ADD
21019,PADDED_0098,棉服,2,0.870299096299119,4,325.75404090933665,True,winter,True,False,Cold products NOT appropriate for summer_peak,31.026514996718134,Cold,summer_peak,SUPPRESS_TIME
33453,SHORT_SLV_0099,短袖,13,0.9116317485414946,3,1208.4006536846032,True,summer,True,True,,31.14631896979161,Hot,summer_peak,ADD
21078,SHORT_SLV_0100,短袖,14,0.8562305869285556,1,257.49351121737305,True,summer,False,True,Temperature 23.3°C outside Hot band (26-inf°C),23.305329765316497,Hot,summer_peak,SUPPRESS_CLIMATE
33643,KNIT_0101,针织衫,22,0.8654503747409834,5,182.46148826652825,True,transition,True,False,Cool products NOT appropriate for summer_peak,34.651416059493066,Cool,summer_peak,SUPPRESS_TIME
31029,JACKET_0102,夹克,13,0.8379485251983861,3,1941.674817676288,True,transition,True,False,Cool products NOT appropriate for summer_peak,39.498568069403845,Cool,summer_peak,SUPPRESS_TIME
51228,SHORT_SLV_0103,短袖,37,0.8325213659879737,1,1292.3603521597206,True,summer,True,True,,31.305742270815795,Hot,summer_peak,ADD
32432,SHORT_SLV_0104,短袖,3,0.9372881512503659,8,849.5914173554468,True,summer,False,True,Temperature 25.4°C outside Hot band (26-inf°C),25.448926362271767,Hot,summer_peak,SUPPRESS_CLIMATE
33090,JACKET_0105,夹克,8,0.84160717744717,4,981.0269693859661,True,transition,True,False,Cool products NOT appropriate for summer_peak,36.7474755943434,Cool,summer_peak,SUPPRESS_TIME
32554,JACKET_0106,夹克,3,0.9461592211499249,6,161.40030710833588,True,transition,True,False,Cool products NOT appropriate for summer_peak,35.19925879245325,Cool,summer_peak,SUPPRESS_TIME
36006,DOWN_0107,羽绒服,10,0.8616810081308279,3,1662.8207615540211,True,winter,True,False,Cold products NOT appropriate for summer_peak,34.317250270905966,Cold,summer_peak,SUPPRESS_TIME
43110,WOOL_0108,毛呢大衣,10,0.908857926258254,9,894.6617689521759,True,winter,True,False,Cold products NOT appropriate for summer_peak,36.15111864235071,Cold,summer_peak,SUPPRESS_TIME
33387,PADDED_0109,棉服,8,0.8827381808816105,5,150.0972515447788,True,winter,True,False,Cold products NOT appropriate for summer_peak,26.92654445720944,Cold,summer_peak,SUPPRESS_TIME
44434,KNIT_0110,针织衫,1,0.9215829996172749,1,815.8040428820874,True,transition,True,False,Cool products NOT appropriate for summer_peak,31.26293413560493,Cool,summer_peak,SUPPRESS_TIME
12034,SHORT_SLV_0111,短袖,2,0.9454871596721904,1,1692.824538951162,True,summer,False,True,Temperature 25.9°C outside Hot band (26-inf°C),25.85440772620623,Hot,summer_peak,SUPPRESS_CLIMATE
43151,SHORT_SLV_0112,短袖,10,0.8622229253506498,1,125.97673317129484,True,summer,True,True,,32.71064704288495,Hot,summer_peak,ADD
32523,DOWN_0113,羽绒服,9,0.8801519412544194,5,1993.6099904404202,True,winter,True,False,Cold products NOT appropriate for summer_peak,34.31986319742099,Cold,summer_peak,SUPPRESS_TIME
41211,TSHIRT_0114,T恤,10,0.9153481122770766,5,1538.4542838806663,True,summer,True,True,,30.840112767250975,Hot,summer_peak,ADD
12079,DOWN_0115,羽绒服,2,0.8361627248494448,9,345.4028887878405,True,winter,True,False,Cold products NOT appropriate for summer_peak,25.28685216132062,Cold,summer_peak,SUPPRESS_TIME
11162,TRENCH_0116,风衣,2,0.8342964208255195,1,1538.2983511272346,True,transition,True,False,Cool products NOT appropriate for summer_peak,24.484835113277462,Cool,summer_peak,SUPPRESS_TIME
51197,SHORTS_0117,短裤,16,0.8033277113045453,2,1004.800323899127,True,summer,True,True,,36.06592397284322,Hot,summer_peak,ADD
33328,ACCESSORY_0118,配饰,22,0.8461665859656574,1,1148.6229936715226,True,all,True,True,,26.69369684440662,All,summer_peak,ADD
32299,ACCESSORY_0119,配饰,3,0.8605224299318596,7,1534.7607857798762,True,all,True,True,,35.72617404013615,All,summer_peak,ADD
32624,ACCESSORY_0120,配饰,22,0.8319446242263366,6,1272.8010529848548,True,all,True,True,,33.773433356168894,All,summer_peak,ADD
37076,PADDED_0121,棉服,10,0.8954966482433424,3,1817.901519538122,True,winter,True,False,Cold products NOT appropriate for summer_peak,29.983760613385886,Cold,summer_peak,SUPPRESS_TIME
37078,SHORT_SLV_0122,短袖,6,0.8770984233739716,8,1829.8954289662188,True,summer,False,True,Temperature 25.5°C outside Hot band (26-inf°C),25.486028030972022,Hot,summer_peak,SUPPRESS_CLIMATE
32556,TSHIRT_0123,T恤,9,0.8785403414022517,1,1904.0891849495201,True,summer,True,True,,33.39934101675652,Hot,summer_peak,ADD
14009,SHORTS_0124,短裤,41,0.9263137122528065,1,590.6643377680209,True,summer,True,True,,34.85561862705802,Hot,summer_peak,ADD
12046,PADDED_0125,棉服,41,0.8931208526633136,2,724.6280595462656,True,winter,True,False,Cold products NOT appropriate for summer_peak,26.807526223894325,Cold,summer_peak,SUPPRESS_TIME
11138,ACCESSORY_0126,配饰,33,0.8113794992162996,9,974.2264020687869,True,all,True,True,,23.51288987197122,All,summer_peak,ADD
52075,ACCESSORY_0127,配饰,37,0.8208240758974116,8,442.1278174636672,True,all,True,True,,33.84797761302141,All,summer_peak,ADD
44207,SHORT_SLV_0128,短袖,1,0.9345182614859018,3,1078.9485042420006,True,summer,False,True,Temperature 24.9°C outside Hot band (26-inf°C),24.920692254307248,Hot,summer_peak,SUPPRESS_CLIMATE
33098,PADDED_0129,棉服,22,0.8902903093311441,3,177.65037090630983,True,winter,True,False,Cold products NOT appropriate for summer_peak,30.78293840887108,Cold,summer_peak,SUPPRESS_TIME
34105,PADDED_0130,棉服,21,0.8417885508547938,6,268.53481413840564,True,winter,True,False,Cold products NOT appropriate for summer_peak,32.687399877894684,Cold,summer_peak,SUPPRESS_TIME
32533,UNDERWEAR_0131,内衣,9,0.9341325894343888,1,1056.492814624228,True,all,True,True,,35.260533935029024,All,summer_peak,ADD
44450,ACCESSORY_0132,配饰,1,0.8058968209761649,9,1014.176248706957,True,all,True,True,,25.09351580747508,All,summer_peak,ADD
34199,ACCESSORY_0133,配饰,9,0.938130860079772,1,626.0675314796871,True,all,True,True,,36.15685176028959,All,summer_peak,ADD
36133,SHORTS_0134,短裤,4,0.9122389535575487,4,497.7637143397496,True,summer,True,True,,35.05451449410982,Hot,summer_peak,ADD
32733,SHORTS_0135,短裤,21,0.8726784477786532,7,1109.4049325497147,True,summer,True,True,,31.303768724565536,Hot,summer_peak,ADD
32259,UNDERWEAR_0136,内衣,35,0.8055024804335897,8,352.9221643162087,True,all,True,True,,29.55773276968441,All,summer_peak,ADD
32259,UNDERWEAR_0136,内衣,35,0.8055024804335897,8,352.9221643162087,True,all,True,True,,33.857707285435275,All,summer_peak,ADD
34101,TSHIRT_0137,T恤,35,0.8767516163173499,2,950.0834969645638,True,summer,True,True,,35.81968468610475,Hot,summer_peak,ADD
34101,TSHIRT_0137,T恤,35,0.8767516163173499,2,950.0834969645638,True,summer,True,True,,34.81439591706233,Hot,summer_peak,ADD
45041,SHORT_SLV_0138,短袖,24,0.9106107809140729,7,711.9504146080387,True,summer,True,True,,26.467728526722308,Hot,summer_peak,ADD
36075,KNIT_0139,针织衫,10,0.8491246028266872,9,1792.0018334058004,True,transition,True,False,Cool products NOT appropriate for summer_peak,35.186984571834365,Cool,summer_peak,SUPPRESS_TIME
51177,TRENCH_0140,风衣,11,0.8532656454918958,9,1047.0401779652088,True,transition,True,False,Cool products NOT appropriate for summer_peak,33.937415606517334,Cool,summer_peak,SUPPRESS_TIME
53002,TRENCH_0141,风衣,37,0.8805659812727822,2,1159.710305305831,True,transition,True,False,Cool products NOT appropriate for summer_peak,22.59613878552234,Cool,summer_peak,SUPPRESS_TIME
42114,TRENCH_0142,风衣,32,0.8968875861997402,2,564.2709953828436,True,transition,True,False,Cool products NOT appropriate for summer_peak,41.912594418023005,Cool,summer_peak,SUPPRESS_TIME
33548,KNIT_0143,针织衫,8,0.890866222903533,1,114.315289954742,True,transition,True,False,Cool products NOT appropriate for summer_peak,35.83368486734801,Cool,summer_peak,SUPPRESS_TIME
44235,KNIT_0144,针织衫,44,0.8368936592576762,4,1716.553283888678,True,transition,True,False,Cool products NOT appropriate for summer_peak,36.453862405504566,Cool,summer_peak,SUPPRESS_TIME
43142,SHORTS_0145,短裤,10,0.9345148136939637,7,198.10740796157438,True,summer,True,True,,35.31250338411059,Hot,summer_peak,ADD
34166,JACKET_0146,夹克,21,0.9473567925362909,6,855.925638186909,True,transition,True,False,Cool products NOT appropriate for summer_peak,35.12800388614362,Cool,summer_peak,SUPPRESS_TIME
44299,ACCESSORY_0147,配饰,23,0.929826068884097,6,1952.6276095957708,True,all,True,True,,24.12721261237788,All,summer_peak,ADD
43139,SHORTS_0148,短裤,10,0.9084344144932663,9,1465.068814589452,True,summer,True,True,,32.73272011508132,Hot,summer_peak,ADD
41107,UNDERWEAR_0149,内衣,10,0.8419968640490426,5,455.3831222592944,True,all,True,True,,32.502699208146,All,summer_peak,ADD
34326,TRENCH_0150,风衣,21,0.8638154657924625,1,1498.8696490271275,True,transition,True,False,Cool products NOT appropriate for summer_peak,34.43241378101778,Cool,summer_peak,SUPPRESS_TIME
53080,DOWN_0151,羽绒服,7,0.8915930063662448,6,1204.3526207029633,True,winter,True,False,Cold products NOT appropriate for summer_peak,24.823171016798156,Cold,summer_peak,SUPPRESS_TIME
14010,TRENCH_0152,风衣,41,0.8480963288239272,3,198.46471996261113,True,transition,True,False,Cool products NOT appropriate for summer_peak,24.390966746507832,Cool,summer_peak,SUPPRESS_TIME
33154,SHORTS_0153,短裤,22,0.8201622015408462,7,1142.951761789057,True,summer,True,True,,34.78182280119043,Hot,summer_peak,ADD
51159,SHORTS_0154,短裤,16,0.9214811668781953,1,363.7670695398387,True,summer,True,True,,37.11240464456255,Hot,summer_peak,ADD
51013,SHORTS_0155,短裤,37,0.8909152821583758,3,762.8497064316911,True,summer,False,True,Temperature 25.8°C outside Hot band (26-inf°C),25.833713683014945,Hot,summer_peak,SUPPRESS_CLIMATE
43085,PADDED_0156,棉服,4,0.8186445835228318,8,1982.7660052690421,True,winter,True,False,Cold products NOT appropriate for summer_peak,36.34060943508669,Cold,summer_peak,SUPPRESS_TIME
43014,DOWN_0157,羽绒服,4,0.9111680973935088,6,191.37982353176662,True,winter,True,False,Cold products NOT appropriate for summer_peak,32.67843079328922,Cold,summer_peak,SUPPRESS_TIME
37189,SHORTS_0158,短裤,34,0.9241911330766237,5,483.0919080907146,True,summer,True,True,,35.02386956913486,Hot,summer_peak,ADD
37039,JACKET_0159,夹克,6,0.8279607480182216,3,1363.8747193227803,True,transition,True,False,Cool products NOT appropriate for summer_peak,34.343882368109675,Cool,summer_peak,SUPPRESS_TIME
13149,SHORT_SLV_0160,短袖,20,0.9315800811219662,9,1397.6659204925515,True,summer,False,True,Temperature 25.4°C outside Hot band (26-inf°C),25.35717466959921,Hot,summer_peak,SUPPRESS_CLIMATE
44483,TSHIRT_0161,T恤,1,0.9070673682282989,3,1285.7929339454915,True,summer,False,True,Temperature 21.3°C outside Hot band (26-inf°C),21.312709520855385,Hot,summer_peak,SUPPRESS_CLIMATE
45005,TSHIRT_0162,T恤,44,0.8658117013082509,1,541.2041207789529,True,summer,True,True,,37.327246338873785,Hot,summer_peak,ADD
36052,TSHIRT_0163,T恤,4,0.8797786219532261,5,1822.2970108326392,True,summer,True,True,,33.35363688650707,Hot,summer_peak,ADD
46005,KNIT_0164,针织衫,24,0.9409748185420213,7,1488.0433599376727,True,transition,True,False,Cool products NOT appropriate for summer_peak,26.93038269901658,Cool,summer_peak,SUPPRESS_TIME
41231,TRENCH_0165,风衣,10,0.9191037783905444,1,1113.576074755011,True,transition,True,False,Cool products NOT appropriate for summer_peak,33.78684292363846,Cool,summer_peak,SUPPRESS_TIME
36075,ACCESSORY_0166,配饰,10,0.9182895816836796,6,1529.5659280737632,True,all,True,True,,35.186984571834365,All,summer_peak,ADD
33681,DOWN_0167,羽绒服,8,0.8050298652103669,6,1456.721756224867,True,winter,True,False,Cold products NOT appropriate for summer_peak,32.41111619827995,Cold,summer_peak,SUPPRESS_TIME
32522,ACCESSORY_0168,配饰,9,0.9131952937790174,6,1660.3888788768245,True,all,True,True,,26.644600041728165,All,summer_peak,ADD
33427,TRENCH_0169,风衣,22,0.8685500328922517,4,854.8458520646979,True,transition,True,False,Cool products NOT appropriate for summer_peak,35.50008903713019,Cool,summer_peak,SUPPRESS_TIME
51228,TRENCH_0170,风衣,37,0.90833788525896,2,123.18583740428458,True,transition,True,False,Cool products NOT appropriate for summer_peak,31.305742270815795,Cool,summer_peak,SUPPRESS_TIME
45140,TRENCH_0171,风衣,1,0.9074268612099428,5,1670.9177728372488,True,transition,True,False,Cool products NOT appropriate for summer_peak,28.603228891208605,Cool,summer_peak,SUPPRESS_TIME
44486,SHORTS_0172,短裤,1,0.8875087692149181,8,904.8340385989175,True,summer,False,True,Temperature 25.7°C outside Hot band (26-inf°C),25.689504856256168,Hot,summer_peak,SUPPRESS_CLIMATE
32229,ACCESSORY_0173,配饰,3,0.823002710467412,8,1061.1884898804853,True,all,True,True,,26.496274865883205,All,summer_peak,ADD
33727,DOWN_0174,羽绒服,8,0.8027165275731262,4,1845.6259922954184,True,winter,True,False,Cold products NOT appropriate for summer_peak,37.255967372901175,Cold,summer_peak,SUPPRESS_TIME
44483,UNDERWEAR_0175,内衣,1,0.9156870002779607,9,905.8482754745335,True,all,True,True,,21.312709520855385,All,summer_peak,ADD
41143,DOWN_0176,羽绒服,10,0.8169857068761133,5,414.48896969785056,True,winter,True,False,Cold products NOT appropriate for summer_peak,32.17653205615386,Cold,summer_peak,SUPPRESS_TIME
35106,TSHIRT_0177,T恤,15,0.9381262823926058,6,1085.792308539537,True,summer,True,True,,26.971064808976468,Hot,summer_peak,ADD
33650,JACKET_0178,夹克,9,0.8568958547578324,5,736.8747591272117,True,transition,True,False,Cool products NOT appropriate for summer_peak,34.089720248192855,Cool,summer_peak,SUPPRESS_TIME
13119,UNDERWEAR_0179,内衣,2,0.8500248757536717,4,1121.0516455820534,True,all,True,True,,23.824852123281897,All,summer_peak,ADD
52005,KNIT_0180,针织衫,37,0.8519518991548942,2,1013.5902583692398,True,transition,True,False,Cool products NOT appropriate for summer_peak,37.74012026305944,Cool,summer_peak,SUPPRESS_TIME
33657,ACCESSORY_0181,配饰,22,0.867865927419904,3,571.6302412385886,True,all,True,True,,35.696970099528464,All,summer_peak,ADD
11094,TSHIRT_0182,T恤,2,0.8248269976141961,5,1838.2072120293901,True,summer,False,True,Temperature 21.2°C outside Hot band (26-inf°C),21.238481271532113,Hot,summer_peak,SUPPRESS_CLIMATE
61058,ACCESSORY_0183,配饰,41,0.8948396431879295,2,1360.7210068317502,True,all,True,True,,23.795538629543326,All,summer_peak,ADD
33705,DOWN_0184,羽绒服,22,0.9441605476204182,1,1158.880200891091,True,winter,True,False,Cold products NOT appropriate for summer_peak,35.071571526121296,Cold,summer_peak,SUPPRESS_TIME
32216,SHORTS_0185,短裤,29,0.8753292515496864,1,688.8801599103607,True,summer,True,True,,34.061190995167415,Hot,summer_peak,ADD
33733,TSHIRT_0186,T恤,22,0.8640183358005125,8,1806.303149937356,True,summer,True,True,,31.099778801173183,Hot,summer_peak,ADD
51194,DOWN_0187,羽绒服,16,0.8054824501772143,8,1216.1618480447412,True,winter,True,False,Cold products NOT appropriate for summer_peak,32.79684738805443,Cold,summer_peak,SUPPRESS_TIME
33326,WOOL_0188,毛呢大衣,8,0.8679933252122042,2,1115.4661933887692,True,winter,True,False,Cold products NOT appropriate for summer_peak,29.72263980730402,Cold,summer_peak,SUPPRESS_TIME
34320,PADDED_0189,棉服,9,0.8745517923231874,3,394.9564672683538,True,winter,True,False,Cold products NOT appropriate for summer_peak,34.80013708636298,Cold,summer_peak,SUPPRESS_TIME
45065,SHORTS_0190,短裤,44,0.9292678431520276,7,1531.1678194201565,True,summer,True,True,,32.843414624949475,Hot,summer_peak,ADD
33345,UNDERWEAR_0191,内衣,8,0.9346145614728326,2,876.5949250863831,True,all,True,True,,33.718468656700836,All,summer_peak,ADD
52045,TSHIRT_0192,T恤,37,0.8234228896049286,2,1747.2881440218946,True,summer,True,True,,32.058038777008946,Hot,summer_peak,ADD
33462,SHORT_SLV_0193,短袖,8,0.8332958242899424,8,472.61488941756033,True,summer,True,True,,36.925645010744134,Hot,summer_peak,ADD
44373,SHORTS_0194,短裤,1,0.8156162872976861,5,439.2348579032339,True,summer,False,True,Temperature 25.9°C outside Hot band (26-inf°C),25.934056812589304,Hot,summer_peak,SUPPRESS_CLIMATE
36148,PADDED_0195,棉服,4,0.9207972451036858,8,1472.3071705257523,True,winter,True,False,Cold products NOT appropriate for summer_peak,36.29549590399965,Cold,summer_peak,SUPPRESS_TIME
32400,TRENCH_0196,风衣,9,0.9002127704855969,5,872.1453857196918,True,transition,True,False,Cool products NOT appropriate for summer_peak,30.369082601313533,Cool,summer_peak,SUPPRESS_TIME
33439,PADDED_0197,棉服,39,0.8019502885266104,7,1498.2187650724045,True,winter,True,False,Cold products NOT appropriate for summer_peak,29.794096440566964,Cold,summer_peak,SUPPRESS_TIME
33439,PADDED_0197,棉服,39,0.8019502885266104,7,1498.2187650724045,True,winter,True,False,Cold products NOT appropriate for summer_peak,35.18742582581364,Cold,summer_peak,SUPPRESS_TIME
14028,WOOL_0198,毛呢大衣,41,0.8874562341454538,2,1796.0762510462523,True,winter,True,False,Cold products NOT appropriate for summer_peak,24.92205146218711,Cold,summer_peak,SUPPRESS_TIME
45112,ACCESSORY_0199,配饰,1,0.8389135150146939,2,789.812503170672,True,all,True,True,,31.325877273439925,All,summer_peak,ADD
32310,TRENCH_0200,风衣,29,0.8936223361773701,6,1570.2855940825466,True,transition,True,False,Cool products NOT appropriate for summer_peak,35.902251377734615,Cool,summer_peak,SUPPRESS_TIME
33599,PADDED_0201,棉服,22,0.9291602029962082,3,1902.0612832280976,True,winter,True,False,Cold products NOT appropriate for summer_peak,35.02173356519927,Cold,summer_peak,SUPPRESS_TIME
41003,SHORTS_0202,短裤,30,0.8171356888880595,8,1972.1978932592958,True,summer,False,True,Temperature 25.6°C outside Hot band (26-inf°C),25.557189766118857,Hot,summer_peak,SUPPRESS_CLIMATE
41003,SHORTS_0202,短裤,30,0.8171356888880595,8,1972.1978932592958,True,summer,True,True,,26.498817245387578,Hot,summer_peak,ADD
13145,DOWN_0203,羽绒服,2,0.872716755072552,1,610.4869828313975,True,winter,True,False,Cold products NOT appropriate for summer_peak,26.406822313261753,Cold,summer_peak,SUPPRESS_TIME
31158,SHORT_SLV_0204,短袖,9,0.8386831528149804,6,1325.602918761726,True,summer,False,True,Temperature 24.5°C outside Hot band (26-inf°C),24.48188391641206,Hot,summer_peak,SUPPRESS_CLIMATE
51135,UNDERWEAR_0205,内衣,37,0.8788535273454029,2,617.383920386801,True,all,True,True,,32.539458960353045,All,summer_peak,ADD
12066,KNIT_0206,针织衫,41,0.9371448209840748,5,1648.6034139646686,True,transition,True,False,Cool products NOT appropriate for summer_peak,32.34262996498493,Cool,summer_peak,SUPPRESS_TIME
11135,KNIT_0207,针织衫,2,0.8100763099873566,5,1337.698737868542,True,transition,True,False,Cool products NOT appropriate for summer_peak,26.087826564755822,Cool,summer_peak,SUPPRESS_TIME
41047,TSHIRT_0208,T恤,6,0.8159868095193011,6,360.08269713073383,True,summer,True,True,,35.543342288878186,Hot,summer_peak,ADD
32769,ACCESSORY_0209,配饰,9,0.8896119653255462,9,1039.1203152627156,True,all,True,True,,34.55238976830843,All,summer_peak,ADD
44178,DOWN_0210,羽绒服,15,0.862815578733811,2,415.93840063655085,True,winter,True,False,Cold products NOT appropriate for summer_peak,34.09568021813808,Cold,summer_peak,SUPPRESS_TIME
37215,DOWN_0211,羽绒服,10,0.812419800188769,4,1564.873258517409,True,winter,True,False,Cold products NOT appropriate for summer_peak,25.997549131813567,Cold,summer_peak,SUPPRESS_TIME
11104,JACKET_0212,夹克,33,0.9255618486054544,4,1466.1872198500664,True,transition,True,False,Cool products NOT appropriate for summer_peak,24.7756049092091,Cool,summer_peak,SUPPRESS_TIME
36057,KNIT_0213,针织衫,4,0.871407560329865,8,1879.9765047170401,True,transition,True,False,Cool products NOT appropriate for summer_peak,26.027793296791643,Cool,summer_peak,SUPPRESS_TIME
51261,SHORTS_0214,短裤,16,0.8322410567886135,4,1125.7012799255676,True,summer,True,True,,26.931917816044287,Hot,summer_peak,ADD
44307,TRENCH_0215,风衣,23,0.8077138720226376,2,1284.3318467194824,True,transition,True,False,Cool products NOT appropriate for summer_peak,31.081607901731356,Cool,summer_peak,SUPPRESS_TIME
42087,SHORT_SLV_0216,短袖,34,0.8112706672603713,1,884.3077461528293,True,summer,True,True,,35.5304564293305,Hot,summer_peak,ADD
12031,ACCESSORY_0217,配饰,2,0.8897429087402232,9,568.1638631543029,True,all,True,True,,32.84768665353898,All,summer_peak,ADD
13148,PADDED_0218,棉服,41,0.9199123818453468,3,617.0757607369292,True,winter,True,False,Cold products NOT appropriate for summer_peak,26.47382669114642,Cold,summer_peak,SUPPRESS_TIME
43160,ACCESSORY_0219,配饰,34,0.9375970363193363,1,1905.4509722595246,True,all,True,True,,33.95547649603592,All,summer_peak,ADD
42081,SHORTS_0220,短裤,4,0.9137588620918522,5,1542.1681065238147,True,summer,True,True,,26.537991770583005,Hot,summer_peak,ADD
42061,KNIT_0221,针织衫,32,0.895584736968423,8,574.3692168324533,True,transition,True,False,Cool products NOT appropriate for summer_peak,,Cool,summer_peak,SUPPRESS_TIME
34273,ACCESSORY_0222,配饰,21,0.948150201199497,7,1998.7716491750862,True,all,True,True,,33.546536814097266,All,summer_peak,ADD
34273,ACCESSORY_0222,配饰,21,0.948150201199497,7,1998.7716491750862,True,all,True,True,,37.2139427702572,All,summer_peak,ADD
34273,ACCESSORY_0222,配饰,21,0.948150201199497,7,1998.7716491750862,True,all,True,True,,36.13865867000991,All,summer_peak,ADD
44422,JACKET_0223,夹克,1,0.8709815177122,7,164.4973593130178,True,transition,True,False,Cool products NOT appropriate for summer_peak,35.40172770640535,Cool,summer_peak,SUPPRESS_TIME
32715,TSHIRT_0224,T恤,21,0.8446023511058827,8,1945.0106658141988,True,summer,True,True,,37.16709774700454,Hot,summer_peak,ADD
33254,PADDED_0225,棉服,8,0.911759682218033,4,1704.6438572166337,True,winter,True,False,Cold products NOT appropriate for summer_peak,25.432092612393113,Cold,summer_peak,SUPPRESS_TIME
32323,ACCESSORY_0226,配饰,9,0.9243373211226016,1,1335.3179658421334,True,all,True,True,,29.48239713552436,All,summer_peak,ADD
61086,PADDED_0227,棉服,42,0.9327497534784921,8,937.961107321507,True,winter,True,False,Cold products NOT appropriate for summer_peak,32.36121523226699,Cold,summer_peak,SUPPRESS_TIME
32257,TSHIRT_0228,T恤,9,0.8472935506745916,1,1122.9628317234963,True,summer,True,True,,26.87358134871345,Hot,summer_peak,ADD
33633,PADDED_0229,棉服,0,0.8780252164818098,2,146.36148495742225,True,winter,True,False,Cold products NOT appropriate for summer_peak,36.15373233025586,Cold,summer_peak,SUPPRESS_TIME
33633,PADDED_0229,棉服,0,0.8780252164818098,2,146.36148495742225,True,winter,True,False,Cold products NOT appropriate for summer_peak,40.48364863867917,Cold,summer_peak,SUPPRESS_TIME
32564,ACCESSORY_0230,配饰,21,0.9312052509026298,2,1884.2286271745027,True,all,True,True,,33.75037649248231,All,summer_peak,ADD
45056,TSHIRT_0231,T恤,44,0.8014228150442747,1,863.6687358575601,True,summer,True,True,,31.84933291836323,Hot,summer_peak,ADD
31174,SHORT_SLV_0232,短袖,5,0.8871135810840991,9,1559.7194863425846,True,summer,True,True,,32.8330875027201,Hot,summer_peak,ADD
33633,TSHIRT_0233,T恤,0,0.8783778787451785,1,553.6765769597745,True,summer,True,True,,36.15373233025586,Hot,summer_peak,ADD
33633,TSHIRT_0233,T恤,0,0.8783778787451785,1,553.6765769597745,True,summer,True,True,,40.48364863867917,Hot,summer_peak,ADD
51134,SHORTS_0234,短裤,16,0.8430858487481123,4,1459.5512989450597,True,summer,True,True,,26.859137333616054,Hot,summer_peak,ADD
31267,SHORT_SLV_0235,短袖,5,0.8415898468545161,5,1976.67254049846,True,summer,True,True,,26.93219870763424,Hot,summer_peak,ADD
32319,DOWN_0236,羽绒服,9,0.8587445210810534,4,514.682386943622,True,winter,True,False,Cold products NOT appropriate for summer_peak,34.35922714313943,Cold,summer_peak,SUPPRESS_TIME
51111,JACKET_0237,夹克,11,0.9179517521623328,6,1966.4279786521552,True,transition,True,False,Cool products NOT appropriate for summer_peak,35.95216902735456,Cool,summer_peak,SUPPRESS_TIME
37067,SHORTS_0238,短裤,6,0.8701102266874805,2,417.3644975749429,True,summer,True,True,,31.438964491583658,Hot,summer_peak,ADD
33329,ACCESSORY_0239,配饰,22,0.8602370354638231,6,1254.6999102698323,True,all,True,True,,36.59638358971116,All,summer_peak,ADD
41013,UNDERWEAR_0240,内衣,34,0.807041803572172,9,518.9237972333332,True,all,True,True,,32.3831771400682,All,summer_peak,ADD
45052,KNIT_0241,针织衫,44,0.9201154530694813,6,1941.2949972675415,True,transition,True,False,Cool products NOT appropriate for summer_peak,37.714168828381794,Cool,summer_peak,SUPPRESS_TIME
42127,WOOL_0242,毛呢大衣,10,0.8895911108645511,1,430.4009735170259,True,winter,True,False,Cold products NOT appropriate for summer_peak,34.148262776402746,Cold,summer_peak,SUPPRESS_TIME
33498,DOWN_0243,羽绒服,8,0.8230843859509783,3,526.4370864896553,True,winter,True,False,Cold products NOT appropriate for summer_peak,32.735595657635116,Cold,summer_peak,SUPPRESS_TIME
33574,SHORT_SLV_0244,短袖,22,0.8889409902262555,5,273.82499105573424,True,summer,True,True,,36.26675823924457,Hot,summer_peak,ADD
43168,SHORTS_0245,短裤,10,0.8398400063883059,9,184.31566071314987,True,summer,False,True,Temperature 25.1°C outside Hot band (26-inf°C),25.107236524835137,Hot,summer_peak,SUPPRESS_CLIMATE
37142,UNDERWEAR_0246,内衣,6,0.9214274112087317,8,1870.0200278060809,True,all,True,True,,31.660797965808328,All,summer_peak,ADD
41116,ACCESSORY_0247,配饰,6,0.842208644086629,6,593.5321891446198,True,all,True,True,,35.466750572892394,All,summer_peak,ADD
35093,UNDERWEAR_0248,内衣,1,0.8798903779101143,5,518.3480837046416,True,all,True,True,,26.885037025089215,All,summer_peak,ADD
33384,JACKET_0249,夹克,13,0.9487213002717572,2,1040.7784013265511,True,transition,True,False,Cool products NOT appropriate for summer_peak,35.556326182093805,Cool,summer_peak,SUPPRESS_TIME
32137,WOOL_0250,毛呢大衣,21,0.9237021448887723,8,1358.0128192024729,True,winter,True,False,Cold products NOT appropriate for summer_peak,34.66996698649173,Cold,summer_peak,SUPPRESS_TIME
51212,ACCESSORY_0251,配饰,37,0.9296739320461023,1,1769.3969740748003,True,all,True,True,,31.289902911383088,All,summer_peak,ADD
52063,DOWN_0252,羽绒服,16,0.8236010989553789,9,734.6168696159519,True,winter,True,False,Cold products NOT appropriate for summer_peak,39.34493473292342,Cold,summer_peak,SUPPRESS_TIME
44201,UNDERWEAR_0253,内衣,44,0.8158751140742876,6,459.5209255915112,True,all,True,True,,24.37347641980847,All,summer_peak,ADD
53063,ACCESSORY_0254,配饰,37,0.944197293227736,9,155.56983776566238,True,all,True,True,,26.284038505745457,All,summer_peak,ADD
32360,UNDERWEAR_0255,内衣,9,0.922992037611215,5,1512.6656869540548,True,all,True,True,,26.03876942870844,All,summer_peak,ADD
52033,TRENCH_0256,风衣,16,0.8834272602559635,7,466.9524427158568,True,transition,True,False,Cool products NOT appropriate for summer_peak,29.373438489309535,Cool,summer_peak,SUPPRESS_TIME
42138,ACCESSORY_0257,配饰,4,0.9471779267041135,1,320.10332788248957,True,all,True,True,,34.64663874449427,All,summer_peak,ADD
33178,SHORTS_0258,短裤,8,0.9228019130749763,6,638.3516017046051,True,summer,True,True,,33.4652197724016,Hot,summer_peak,ADD
32646,SHORT_SLV_0259,短袖,3,0.9444488005788492,5,294.7684831822906,True,summer,True,True,,33.33180813236209,Hot,summer_peak,ADD
35136,TRENCH_0260,风衣,1,0.903182858345122,2,1899.8659876870422,True,transition,True,False,Cool products NOT appropriate for summer_peak,31.99619808777043,Cool,summer_peak,SUPPRESS_TIME
61100,DOWN_0261,羽绒服,41,0.9156476438798203,1,1206.1238743349193,True,winter,True,False,Cold products NOT appropriate for summer_peak,32.5358458606734,Cold,summer_peak,SUPPRESS_TIME
11080,UNDERWEAR_0262,内衣,2,0.8112041626636781,2,1755.919931689515,True,all,True,True,,24.10088553120237,All,summer_peak,ADD
33195,TRENCH_0263,风衣,22,0.8971360465102861,4,1540.7000722651428,True,transition,True,False,Cool products NOT appropriate for summer_peak,35.435981422119575,Cool,summer_peak,SUPPRESS_TIME
34107,ACCESSORY_0264,配饰,29,0.9232269421111161,3,579.7666244079262,True,all,True,True,,32.78762192797708,All,summer_peak,ADD
51041,UNDERWEAR_0265,内衣,16,0.8238407424915135,2,1994.5365502996513,True,all,True,True,,30.846088632250293,All,summer_peak,ADD
51032,WOOL_0266,毛呢大衣,16,0.8677080536494514,7,1101.345782802538,True,winter,True,False,Cold products NOT appropriate for summer_peak,36.47781449769077,Cold,summer_peak,SUPPRESS_TIME
61002,ACCESSORY_0267,配饰,14,0.8331154419183141,2,1568.3632820319285,True,all,True,True,,32.35327015498762,All,summer_peak,ADD
42164,WOOL_0268,毛呢大衣,32,0.9426295343375615,8,921.4361219809437,True,winter,True,False,Cold products NOT appropriate for summer_peak,33.06627915167657,Cold,summer_peak,SUPPRESS_TIME
11072,JACKET_0269,夹克,14,0.8957788921496128,6,1544.1787490323845,True,transition,True,False,Cool products NOT appropriate for summer_peak,25.027840306444695,Cool,summer_peak,SUPPRESS_TIME
41091,ACCESSORY_0270,配饰,30,0.8614001009472565,6,536.9137511930637,True,all,True,True,,32.031405444378464,All,summer_peak,ADD
50031,WOOL_0271,毛呢大衣,16,0.8046701124326767,9,1458.3556763842705,True,winter,True,False,Cold products NOT appropriate for summer_peak,34.568750765050325,Cold,summer_peak,SUPPRESS_TIME
44405,ACCESSORY_0272,配饰,1,0.9452290141872082,9,1750.3840191156605,True,all,True,True,,21.523036050593745,All,summer_peak,ADD
32526,ACCESSORY_0273,配饰,21,0.9267174842175331,4,133.9375957088068,True,all,True,True,,33.66657974367967,All,summer_peak,ADD
32233,JACKET_0274,夹克,12,0.9367754052439866,3,452.3718618856432,True,transition,True,False,Cool products NOT appropriate for summer_peak,30.348709667738913,Cool,summer_peak,SUPPRESS_TIME
32537,SHORT_SLV_0275,短袖,3,0.8001847752749639,7,337.8530051848458,True,summer,True,True,,32.764329890480006,Hot,summer_peak,ADD
36082,TRENCH_0276,风衣,32,0.8645458842349194,6,528.5262706430973,True,transition,True,False,Cool products NOT appropriate for summer_peak,41.605692012710115,Cool,summer_peak,SUPPRESS_TIME
34067,JACKET_0277,夹克,29,0.8403490106652647,8,923.1688230461457,True,transition,True,False,Cool products NOT appropriate for summer_peak,33.17583217190689,Cool,summer_peak,SUPPRESS_TIME
34214,DOWN_0278,羽绒服,29,0.8017430809862152,2,1392.867590082718,True,winter,True,False,Cold products NOT appropriate for summer_peak,31.53637826776023,Cold,summer_peak,SUPPRESS_TIME
32210,KNIT_0279,针织衫,3,0.8437493868063956,9,1734.2325546594886,True,transition,True,False,Cool products NOT appropriate for summer_peak,31.35750011246025,Cool,summer_peak,SUPPRESS_TIME
13060,SHORT_SLV_0280,短袖,2,0.8059428238022536,6,1523.4071142924379,True,summer,True,True,,26.701937476971707,Hot,summer_peak,ADD
43034,DOWN_0281,羽绒服,4,0.8154188606738999,6,1274.4958952044262,True,winter,True,False,Cold products NOT appropriate for summer_peak,25.722145489538537,Cold,summer_peak,SUPPRESS_TIME
33223,SHORTS_0282,短裤,5,0.8014656271128776,1,1083.6521224309517,True,summer,True,True,,32.9878544443813,Hot,summer_peak,ADD
44321,DOWN_0283,羽绒服,1,0.923677107034525,6,711.9799342167371,True,winter,True,False,Cold products NOT appropriate for summer_peak,26.61071510302318,Cold,summer_peak,SUPPRESS_TIME
13031,UNDERWEAR_0284,内衣,20,0.9200880048663624,2,178.24864103061617,True,all,True,True,,25.699451830812833,All,summer_peak,ADD
32365,DOWN_0285,羽绒服,3,0.942732496153299,3,1802.8204751015728,True,winter,True,False,Cold products NOT appropriate for summer_peak,26.695779594629773,Cold,summer_peak,SUPPRESS_TIME
51147,KNIT_0286,针织衫,16,0.8924906872793711,9,1447.214986956741,True,transition,True,False,Cool products NOT appropriate for summer_peak,34.37900640654363,Cool,summer_peak,SUPPRESS_TIME
36148,SHORTS_0287,短裤,4,0.9071130398198641,4,744.9553658313315,True,summer,True,True,,36.29549590399965,Hot,summer_peak,ADD
31186,TSHIRT_0288,T恤,13,0.8991230177448876,4,1235.204139000667,True,summer,True,True,,26.195085544915216,Hot,summer_peak,ADD
11080,UNDERWEAR_0289,内衣,2,0.8721355747173477,9,411.59901388004477,True,all,True,True,,24.10088553120237,All,summer_peak,ADD
11049,ACCESSORY_0290,配饰,14,0.9087239839811088,7,1335.5589531595624,True,all,True,True,,32.235044557311916,All,summer_peak,ADD
42161,WOOL_0291,毛呢大衣,6,0.8328820981037067,7,993.3469261236636,True,winter,True,False,Cold products NOT appropriate for summer_peak,32.129879727203885,Cold,summer_peak,SUPPRESS_TIME
33139,SHORTS_0292,短裤,8,0.9307749168459681,5,1351.5447734516647,True,summer,True,True,,32.13722647538947,Hot,summer_peak,ADD
32068,PADDED_0293,棉服,12,0.8031291708937307,3,534.0640085294676,True,winter,True,False,Cold products NOT appropriate for summer_peak,26.002514195856943,Cold,summer_peak,SUPPRESS_TIME
32112,SHORT_SLV_0294,短袖,12,0.87399152701757,3,1392.4336606194536,True,summer,True,True,,36.350848389020975,Hot,summer_peak,ADD
52069,KNIT_0295,针织衫,16,0.8045978753308709,1,1696.8595719261737,True,transition,True,False,Cool products NOT appropriate for summer_peak,37.40900761497977,Cool,summer_peak,SUPPRESS_TIME
44284,UNDERWEAR_0296,内衣,1,0.9114059781799971,4,1294.6531545912958,True,all,True,True,,29.128742247781982,All,summer_peak,ADD
41003,TRENCH_0297,风衣,30,0.8757267322839527,2,1747.3598426326523,True,transition,True,False,Cool products NOT appropriate for summer_peak,25.557189766118857,Cool,summer_peak,SUPPRESS_TIME
41003,TRENCH_0297,风衣,30,0.8757267322839527,2,1747.3598426326523,True,transition,True,False,Cool products NOT appropriate for summer_peak,26.498817245387578,Cool,summer_peak,SUPPRESS_TIME
32684,SHORT_SLV_0298,短袖,9,0.8657923128784386,5,851.4788227131289,True,summer,True,True,,35.3551686839559,Hot,summer_peak,ADD
41171,TRENCH_0299,风衣,6,0.8632581390310183,3,1225.4656243273882,True,transition,True,False,Cool products NOT appropriate for summer_peak,31.216298270865835,Cool,summer_peak,SUPPRESS_TIME
36105,WOOL_0300,毛呢大衣,4,0.8934449875345224,8,1688.396321184298,True,winter,True,False,Cold products NOT appropriate for summer_peak,26.868946790254583,Cold,summer_peak,SUPPRESS_TIME
33379,SHORTS_0301,短裤,22,0.8607965274628615,7,1301.8270131299817,True,summer,True,True,,30.83620811275925,Hot,summer_peak,ADD
32536,PADDED_0302,棉服,9,0.8271465429064235,5,231.35229375457695,True,winter,True,False,Cold products NOT appropriate for summer_peak,31.23824685929812,Cold,summer_peak,SUPPRESS_TIME
32576,KNIT_0303,针织衫,9,0.9306124851908767,8,1200.8883087526515,True,transition,True,False,Cool products NOT appropriate for summer_peak,38.089955656871226,Cool,summer_peak,SUPPRESS_TIME
13147,TSHIRT_0304,T恤,41,0.8245285808877535,9,1941.8834124370462,True,summer,False,True,Temperature 24.0°C outside Hot band (26-inf°C),24.030743652047736,Hot,summer_peak,SUPPRESS_CLIMATE
51258,WOOL_0305,毛呢大衣,16,0.8985104996811938,1,1569.5989388045411,True,winter,True,False,Cold products NOT appropriate for summer_peak,36.3563906717546,Cold,summer_peak,SUPPRESS_TIME
31289,TSHIRT_0306,T恤,13,0.8680684312075458,3,939.8463101874293,True,summer,True,True,,26.097589607676195,Hot,summer_peak,ADD
51004,UNDERWEAR_0307,内衣,16,0.9004085602189041,9,918.6862949574313,True,all,True,True,,35.16395786003711,All,summer_peak,ADD
44388,ACCESSORY_0308,配饰,1,0.942287503227715,9,417.3796250118047,True,all,True,True,,25.58829713493286,All,summer_peak,ADD
51035,SHORT_SLV_0309,短袖,16,0.8908307236467324,5,1113.6726580694217,True,summer,True,True,,31.528014452176738,Hot,summer_peak,ADD
44028,SHORTS_0310,短裤,1,0.8878031546595128,6,491.0982990698597,True,summer,False,True,Temperature 24.3°C outside Hot band (26-inf°C),24.341076993256063,Hot,summer_peak,SUPPRESS_CLIMATE
33689,TRENCH_0311,风衣,8,0.8404624417275485,2,333.64453620629075,True,transition,True,False,Cool products NOT appropriate for summer_peak,33.2016260000817,Cool,summer_peak,SUPPRESS_TIME
37044,TRENCH_0312,风衣,10,0.8077545255862291,1,332.0088366190509,True,transition,True,False,Cool products NOT appropriate for summer_peak,24.22088373336444,Cool,summer_peak,SUPPRESS_TIME
31021,JACKET_0313,夹克,13,0.9400812526291857,5,296.2870185356298,True,transition,True,False,Cool products NOT appropriate for summer_peak,34.44724534968795,Cool,summer_peak,SUPPRESS_TIME
36017,UNDERWEAR_0314,内衣,4,0.8596068482696602,2,1933.7255232284865,True,all,True,True,,26.030261614956927,All,summer_peak,ADD
13142,PADDED_0315,棉服,20,0.8484695985605418,9,1202.2132364213894,True,winter,True,False,Cold products NOT appropriate for summer_peak,23.296960748022567,Cold,summer_peak,SUPPRESS_TIME
33627,KNIT_0316,针织衫,8,0.820947688213447,4,1438.8934491996288,True,transition,True,False,Cool products NOT appropriate for summer_peak,36.09477378503888,Cool,summer_peak,SUPPRESS_TIME
33573,TSHIRT_0317,T恤,13,0.8243572841993482,5,278.41135999989496,True,summer,True,True,,34.51901008091092,Hot,summer_peak,ADD
44388,KNIT_0318,针织衫,1,0.9302213381566258,6,585.0823969840205,True,transition,True,False,Cool products NOT appropriate for summer_peak,25.58829713493286,Cool,summer_peak,SUPPRESS_TIME
34328,UNDERWEAR_0319,内衣,21,0.8561445150709689,2,563.8798518025111,True,all,True,True,,32.67267403680634,All,summer_peak,ADD
32022,SHORTS_0320,短裤,9,0.9152779046785686,8,1611.469706223166,True,summer,True,True,,35.25979658047358,Hot,summer_peak,ADD
50061,DOWN_0321,羽绒服,16,0.8900914313819354,5,1367.2458822827239,True,winter,True,False,Cold products NOT appropriate for summer_peak,34.1758275124271,Cold,summer_peak,SUPPRESS_TIME
34049,KNIT_0322,针织衫,21,0.8477167330427179,1,873.1251253734541,True,transition,True,False,Cool products NOT appropriate for summer_peak,36.11204266845738,Cool,summer_peak,SUPPRESS_TIME
33151,SHORT_SLV_0323,短袖,8,0.8135722542930577,9,307.3083003549245,True,summer,True,True,,26.211677498600825,Hot,summer_peak,ADD
32487,TRENCH_0324,风衣,9,0.9001390078345377,6,1812.613734218044,True,transition,True,False,Cool products NOT appropriate for summer_peak,30.917750583376783,Cool,summer_peak,SUPPRESS_TIME
33770,TSHIRT_0325,T恤,13,0.86533749722194,1,328.397205204156,True,summer,True,True,,31.52145502267857,Hot,summer_peak,ADD
33438,TSHIRT_0326,T恤,5,0.8008637990747183,1,796.2769162556559,True,summer,True,True,,32.36082657417837,Hot,summer_peak,ADD
33211,JACKET_0327,夹克,36,0.8570629556349196,9,1233.322402472301,True,transition,True,False,Cool products NOT appropriate for summer_peak,26.651888172734665,Cool,summer_peak,SUPPRESS_TIME
33211,JACKET_0327,夹克,36,0.8570629556349196,9,1233.322402472301,True,transition,True,False,Cool products NOT appropriate for summer_peak,36.565158498054544,Cool,summer_peak,SUPPRESS_TIME
33271,DOWN_0328,羽绒服,13,0.8666629179126802,6,239.07225516004291,True,winter,True,False,Cold products NOT appropriate for summer_peak,36.70294406981004,Cold,summer_peak,SUPPRESS_TIME
33698,SHORT_SLV_0329,短袖,29,0.8569678670268844,8,1086.2553917588143,True,summer,True,True,,33.1066916486447,Hot,summer_peak,ADD
45126,JACKET_0330,夹克,44,0.922064943247938,9,822.3716756931284,True,transition,True,False,Cool products NOT appropriate for summer_peak,25.57699404234659,Cool,summer_peak,SUPPRESS_TIME
32023,JACKET_0331,夹克,3,0.8369104488196998,4,1255.0196763075448,True,transition,True,False,Cool products NOT appropriate for summer_peak,35.13206521956859,Cool,summer_peak,SUPPRESS_TIME
33665,TSHIRT_0332,T恤,22,0.921947860807414,2,1459.4327234886214,True,summer,True,True,,32.80813974377513,Hot,summer_peak,ADD
34015,JACKET_0333,夹克,21,0.8293666978525319,7,1803.7571506962324,True,transition,True,False,Cool products NOT appropriate for summer_peak,25.800772090863493,Cool,summer_peak,SUPPRESS_TIME
34336,SHORT_SLV_0334,短袖,21,0.8982039622147022,3,214.50804155016561,True,summer,True,True,,37.349645446220336,Hot,summer_peak,ADD
33370,KNIT_0335,针织衫,39,0.8291837484777952,4,587.8754786689651,True,transition,True,False,Cool products NOT appropriate for summer_peak,33.47285379650343,Cool,summer_peak,SUPPRESS_TIME
44141,WOOL_0336,毛呢大衣,1,0.8871398079894196,4,1463.5079932263961,True,winter,True,False,Cold products NOT appropriate for summer_peak,25.423892815139943,Cold,summer_peak,SUPPRESS_TIME
11014,DOWN_0337,羽绒服,14,0.9465087857993868,9,1092.713976980625,True,winter,True,False,Cold products NOT appropriate for summer_peak,25.004587442132053,Cold,summer_peak,SUPPRESS_TIME
36147,UNDERWEAR_0338,内衣,10,0.9199671643136033,7,661.0287495185892,True,all,True,True,,32.58140736545693,All,summer_peak,ADD
32392,UNDERWEAR_0339,内衣,12,0.9376628733757065,4,1018.736728767857,True,all,True,True,,31.160695270449303,All,summer_peak,ADD
44387,KNIT_0340,针织衫,1,0.8825339813234393,8,1100.348468892184,True,transition,True,False,Cool products NOT appropriate for summer_peak,25.03300568960393,Cool,summer_peak,SUPPRESS_TIME
53081,TSHIRT_0341,T恤,37,0.8956977808689947,5,1779.9922803619747,True,summer,True,True,,33.35919721531446,Hot,summer_peak,ADD
32527,UNDERWEAR_0342,内衣,9,0.8262160164241066,9,1695.7364754467687,True,all,True,True,,25.988624106187626,All,summer_peak,ADD
53102,DOWN_0343,羽绒服,27,0.8355305838461723,5,673.9149534861106,True,winter,True,False,Cold products NOT appropriate for summer_peak,24.269409781465463,Cold,summer_peak,SUPPRESS_TIME
14024,WOOL_0344,毛呢大衣,41,0.893578898701486,1,905.4951445352738,True,winter,True,False,Cold products NOT appropriate for summer_peak,24.170549417478295,Cold,summer_peak,SUPPRESS_TIME
32636,DOWN_0345,羽绒服,5,0.9105310617416273,2,998.4947347030461,True,winter,True,False,Cold products NOT appropriate for summer_peak,28.93115308759075,Cold,summer_peak,SUPPRESS_TIME
32636,DOWN_0345,羽绒服,5,0.9105310617416273,2,998.4947347030461,True,winter,True,False,Cold products NOT appropriate for summer_peak,30.92357410158851,Cold,summer_peak,SUPPRESS_TIME
33068,JACKET_0346,夹克,8,0.8962957250664899,7,1138.7250841567331,True,transition,True,False,Cool products NOT appropriate for summer_peak,32.11138794886941,Cool,summer_peak,SUPPRESS_TIME
33019,SHORT_SLV_0347,短袖,8,0.8586358993858272,9,1043.8570318324219,True,summer,True,True,,35.909429130071736,Hot,summer_peak,ADD
33327,WOOL_0348,毛呢大衣,8,0.8895570375343538,2,868.205659398155,True,winter,True,False,Cold products NOT appropriate for summer_peak,32.52464987926707,Cold,summer_peak,SUPPRESS_TIME
33760,SHORTS_0349,短裤,22,0.8192591434181188,3,1246.1168794054072,True,summer,True,True,,33.618281395400835,Hot,summer_peak,ADD
34306,UNDERWEAR_0350,内衣,21,0.9358287188494511,4,262.75067423321804,True,all,True,True,,33.83294619786411,All,summer_peak,ADD
32237,TRENCH_0351,风衣,3,0.8287800987078114,8,797.2165504891212,True,transition,True,False,Cool products NOT appropriate for summer_peak,32.31639400974676,Cool,summer_peak,SUPPRESS_TIME
34236,SHORT_SLV_0352,短袖,9,0.892573367509347,1,1680.539915177702,True,summer,True,True,,28.39205935798986,Hot,summer_peak,ADD
33687,JACKET_0353,夹克,22,0.8104897408564151,5,615.1801293503511,True,transition,True,False,Cool products NOT appropriate for summer_peak,37.60657695018178,Cool,summer_peak,SUPPRESS_TIME
44242,PADDED_0354,棉服,24,0.9020197896655177,3,461.6172393562288,True,winter,True,False,Cold products NOT appropriate for summer_peak,33.0179369689545,Cold,summer_peak,SUPPRESS_TIME
34346,TSHIRT_0355,T恤,9,0.8567714635228804,6,1159.7884930030473,True,summer,True,True,,35.36179805885675,Hot,summer_peak,ADD
42027,TRENCH_0356,风衣,4,0.8090213513901178,4,1927.1648983141451,True,transition,True,False,Cool products NOT appropriate for summer_peak,32.60560462083485,Cool,summer_peak,SUPPRESS_TIME
34083,TSHIRT_0357,T恤,43,0.8803741526709622,9,1661.432243412065,True,summer,True,True,,31.8035595585685,Hot,summer_peak,ADD
33058,SHORTS_0358,短裤,39,0.9193174941184593,7,858.7002400376855,True,summer,True,True,,36.02432612610354,Hot,summer_peak,ADD
32716,JACKET_0359,夹克,21,0.9105770337510865,8,1125.9185475330632,True,transition,True,False,Cool products NOT appropriate for summer_peak,33.436354899387176,Cool,summer_peak,SUPPRESS_TIME
31258,JACKET_0360,夹克,13,0.8139393716569086,6,269.33642102043154,True,transition,True,False,Cool products NOT appropriate for summer_peak,36.63224096031846,Cool,summer_peak,SUPPRESS_TIME
44316,DOWN_0361,羽绒服,15,0.8912729618989687,6,402.6776391760626,True,winter,True,False,Cold products NOT appropriate for summer_peak,22.486753220265463,Cold,summer_peak,SUPPRESS_TIME
44316,DOWN_0361,羽绒服,15,0.8912729618989687,6,402.6776391760626,True,winter,True,False,Cold products NOT appropriate for summer_peak,31.834255340267426,Cold,summer_peak,SUPPRESS_TIME
44316,DOWN_0361,羽绒服,15,0.8912729618989687,6,402.6776391760626,True,winter,True,False,Cold products NOT appropriate for summer_peak,23.32678163763412,Cold,summer_peak,SUPPRESS_TIME
32462,TSHIRT_0362,T恤,3,0.8394668854866264,2,823.7280984708757,True,summer,True,True,,26.937695544451444,Hot,summer_peak,ADD
51050,SHORT_SLV_0363,短袖,16,0.8830703361068565,3,854.2648824411385,True,summer,True,True,,32.77148991223177,Hot,summer_peak,ADD
44124,TRENCH_0364,风衣,24,0.9310004992585772,6,1846.844749107393,True,transition,True,False,Cool products NOT appropriate for summer_peak,24.60219358778368,Cool,summer_peak,SUPPRESS_TIME
53088,KNIT_0365,针织衫,27,0.8849863043257128,4,496.16997727893806,True,transition,True,False,Cool products NOT appropriate for summer_peak,32.99804640020105,Cool,summer_peak,SUPPRESS_TIME
32587,UNDERWEAR_0366,内衣,9,0.8809598928139915,3,1381.177232177192,True,all,True,True,,36.17547002094731,All,summer_peak,ADD
44142,KNIT_0367,针织衫,44,0.8211917073913259,7,678.8903642862775,True,transition,True,False,Cool products NOT appropriate for summer_peak,29.936087088947065,Cool,summer_peak,SUPPRESS_TIME
12063,JACKET_0368,夹克,14,0.8034340737464181,2,524.8674255429913,True,transition,True,False,Cool products NOT appropriate for summer_peak,25.535365751532456,Cool,summer_peak,SUPPRESS_TIME
44410,PADDED_0369,棉服,1,0.8961458116017997,9,1192.8103659435874,True,winter,True,False,Cold products NOT appropriate for summer_peak,24.89483020274278,Cold,summer_peak,SUPPRESS_TIME
37036,TRENCH_0370,风衣,10,0.8909556416650063,1,1251.8805817268571,True,transition,True,False,Cool products NOT appropriate for summer_peak,24.576074616984897,Cool,summer_peak,SUPPRESS_TIME
33438,TRENCH_0371,风衣,5,0.8753849114695164,9,1667.8814580895794,True,transition,True,False,Cool products NOT appropriate for summer_peak,32.36082657417837,Cool,summer_peak,SUPPRESS_TIME
44094,JACKET_0372,夹克,1,0.8182642866687913,5,149.04262320402526,True,transition,True,False,Cool products NOT appropriate for summer_peak,25.956937695745324,Cool,summer_peak,SUPPRESS_TIME
32551,TRENCH_0373,风衣,43,0.8119948091538953,4,935.0722084025292,True,transition,True,False,Cool products NOT appropriate for summer_peak,33.54196098708326,Cool,summer_peak,SUPPRESS_TIME
32551,TRENCH_0373,风衣,43,0.8119948091538953,4,935.0722084025292,True,transition,True,False,Cool products NOT appropriate for summer_peak,32.51040153788121,Cool,summer_peak,SUPPRESS_TIME
44468,KNIT_0374,针织衫,44,0.8000498759180734,2,1335.3820755564914,True,transition,True,False,Cool products NOT appropriate for summer_peak,24.13368375618085,Cool,summer_peak,SUPPRESS_TIME
42112,WOOL_0375,毛呢大衣,34,0.8287673683387791,9,210.511211460404,True,winter,True,False,Cold products NOT appropriate for summer_peak,31.505952821484037,Cold,summer_peak,SUPPRESS_TIME
33154,SHORTS_0376,短裤,22,0.8446032572355259,7,554.4421980102587,True,summer,True,True,,34.78182280119043,Hot,summer_peak,ADD
34301,JACKET_0377,夹克,9,0.8182077409133643,3,437.7561369173716,True,transition,True,False,Cool products NOT appropriate for summer_peak,34.95685938164514,Cool,summer_peak,SUPPRESS_TIME
32321,DOWN_0378,羽绒服,9,0.8764133192224685,7,534.8997492085658,True,winter,True,False,Cold products NOT appropriate for summer_peak,37.29817048315011,Cold,summer_peak,SUPPRESS_TIME
52089,TSHIRT_0379,T恤,37,0.8331203944678459,4,1345.874977867147,True,summer,True,True,,33.38796775956669,Hot,summer_peak,ADD
32355,TSHIRT_0380,T恤,22,0.9086476204514992,5,1784.5480089568869,True,summer,True,True,,32.109724758605,Hot,summer_peak,ADD
43069,WOOL_0381,毛呢大衣,10,0.8551639026315935,6,1672.3220015770612,True,winter,True,False,Cold products NOT appropriate for summer_peak,26.979704824593146,Cold,summer_peak,SUPPRESS_TIME
44310,KNIT_0382,针织衫,44,0.9445733413223526,7,890.6925965415469,True,transition,True,False,Cool products NOT appropriate for summer_peak,23.0251801513084,Cool,summer_peak,SUPPRESS_TIME
33280,JACKET_0383,夹克,22,0.9140434734683203,8,1117.089249759924,True,transition,True,False,Cool products NOT appropriate for summer_peak,32.37123542582387,Cool,summer_peak,SUPPRESS_TIME
51256,JACKET_0384,夹克,16,0.9251455048932151,5,477.8269277730622,True,transition,True,False,Cool products NOT appropriate for summer_peak,32.290338863267976,Cool,summer_peak,SUPPRESS_TIME
51071,TRENCH_0385,风衣,16,0.8557112851475212,1,1141.1230290500166,True,transition,True,False,Cool products NOT appropriate for summer_peak,36.058713260453686,Cool,summer_peak,SUPPRESS_TIME
33188,JACKET_0386,夹克,13,0.9266535624109423,7,383.5517781053346,True,transition,True,False,Cool products NOT appropriate for summer_peak,38.11675420047066,Cool,summer_peak,SUPPRESS_TIME
44231,PADDED_0387,棉服,15,0.848701389033509,2,1004.4344458006564,True,winter,True,False,Cold products NOT appropriate for summer_peak,32.33226067646905,Cold,summer_peak,SUPPRESS_TIME
44321,TRENCH_0388,风衣,1,0.9289347847470418,5,1916.8221622330018,True,transition,True,False,Cool products NOT appropriate for summer_peak,26.61071510302318,Cool,summer_peak,SUPPRESS_TIME
13072,DOWN_0389,羽绒服,14,0.8988038219311165,9,1407.45594156443,True,winter,True,False,Cold products NOT appropriate for summer_peak,33.30760753238235,Cold,summer_peak,SUPPRESS_TIME
32611,DOWN_0390,羽绒服,9,0.9261307369138884,8,976.8071827869949,True,winter,True,False,Cold products NOT appropriate for summer_peak,33.80397748743284,Cold,summer_peak,SUPPRESS_TIME
33230,TSHIRT_0391,T恤,8,0.8989030883308674,6,1309.672396117694,True,summer,True,True,,36.97419116193633,Hot,summer_peak,ADD
12072,DOWN_0392,羽绒服,41,0.8099978060841035,8,1776.6729368665897,True,winter,True,False,Cold products NOT appropriate for summer_peak,20.946545308303484,Cold,summer_peak,SUPPRESS_TIME
41167,DOWN_0393,羽绒服,6,0.8664909631165427,8,179.17851114453012,True,winter,True,False,Cold products NOT appropriate for summer_peak,31.802448563632193,Cold,summer_peak,SUPPRESS_TIME
13015,ACCESSORY_0394,配饰,2,0.8988553301305521,3,235.38778275399133,True,all,True,True,,24.48665836366224,All,summer_peak,ADD
44075,TRENCH_0395,风衣,44,0.910626253918851,4,764.4361365171142,True,transition,True,False,Cool products NOT appropriate for summer_peak,24.89502579938922,Cool,summer_peak,SUPPRESS_TIME
32319,WOOL_0396,毛呢大衣,9,0.8992055916605621,3,430.80773713476026,True,winter,True,False,Cold products NOT appropriate for summer_peak,34.35922714313943,Cold,summer_peak,SUPPRESS_TIME
36143,JACKET_0397,夹克,4,0.8990454079552007,8,603.5882138175076,True,transition,True,False,Cool products NOT appropriate for summer_peak,36.77778284349031,Cool,summer_peak,SUPPRESS_TIME
43025,DOWN_0398,羽绒服,4,0.844316716621613,8,1286.860780823101,True,winter,True,False,Cold products NOT appropriate for summer_peak,32.46252247697015,Cold,summer_peak,SUPPRESS_TIME
33699,DOWN_0399,羽绒服,8,0.8383120227027829,4,1571.8041832117972,True,winter,True,False,Cold products NOT appropriate for summer_peak,31.659611700468403,Cold,summer_peak,SUPPRESS_TIME
61025,SHORT_SLV_0400,短袖,14,0.8795453199873737,2,712.2094565447939,True,summer,False,True,Temperature 25.1°C outside Hot band (26-inf°C),25.0936416813736,Hot,summer_peak,SUPPRESS_CLIMATE
33036,ACCESSORY_0401,配饰,8,0.9469955494038276,6,1023.4294556573259,True,all,True,True,,30.471388296667868,All,summer_peak,ADD
61013,PADDED_0402,棉服,14,0.81921436195493,1,1863.3589166194945,True,winter,True,False,Cold products NOT appropriate for summer_peak,31.522356348137457,Cold,summer_peak,SUPPRESS_TIME
61068,SHORT_SLV_0403,短袖,14,0.855825053575627,9,410.9992227840728,True,summer,True,True,,26.896807162890138,Hot,summer_peak,ADD
51035,JACKET_0404,夹克,16,0.9013973413379532,3,1785.157310397612,True,transition,True,False,Cool products NOT appropriate for summer_peak,31.528014452176738,Cool,summer_peak,SUPPRESS_TIME
53034,TSHIRT_0405,T恤,27,0.9318902989996757,9,1133.631500447228,True,summer,False,True,Temperature 22.3°C outside Hot band (26-inf°C),22.265647966604018,Hot,summer_peak,SUPPRESS_CLIMATE
53098,JACKET_0406,夹克,37,0.9467595918200894,8,1159.845128471033,True,transition,True,False,Cool products NOT appropriate for summer_peak,30.458765750097665,Cool,summer_peak,SUPPRESS_TIME
33074,ACCESSORY_0407,配饰,22,0.8480089748781475,6,1970.8725050965656,True,all,True,True,,35.462590680891616,All,summer_peak,ADD
33327,JACKET_0408,夹克,8,0.9088969864977943,2,505.6715959902766,True,transition,True,False,Cool products NOT appropriate for summer_peak,32.52464987926707,Cool,summer_peak,SUPPRESS_TIME
41143,SHORTS_0409,短裤,10,0.851357545405032,6,1130.2506904345119,True,summer,True,True,,32.17653205615386,Hot,summer_peak,ADD
44216,DOWN_0410,羽绒服,1,0.876254082037442,6,1173.5417864321307,True,winter,True,False,Cold products NOT appropriate for summer_peak,25.365392860284608,Cold,summer_peak,SUPPRESS_TIME
34149,TSHIRT_0411,T恤,21,0.8865759174931325,9,1546.130920382,True,summer,True,True,,35.21519663378511,Hot,summer_peak,ADD
34318,SHORTS_0412,短裤,21,0.8692336211629685,8,568.6898425910838,True,summer,True,True,,35.61637846034477,Hot,summer_peak,ADD
36143,WOOL_0413,毛呢大衣,4,0.9487714927024045,8,468.51234780877223,True,winter,True,False,Cold products NOT appropriate for summer_peak,36.77778284349031,Cold,summer_peak,SUPPRESS_TIME
44472,UNDERWEAR_0414,内衣,44,0.8986340469167035,9,1154.6614036743438,True,all,True,True,,24.4771664990649,All,summer_peak,ADD
44297,ACCESSORY_0415,配饰,1,0.9031826164819873,9,1153.0303768508315,True,all,True,True,,30.933084986094403,All,summer_peak,ADD
32119,KNIT_0416,针织衫,5,0.9249020704020564,9,1920.3396122268223,True,transition,True,False,Cool products NOT appropriate for summer_peak,38.61926254747129,Cool,summer_peak,SUPPRESS_TIME
44338,TSHIRT_0417,T恤,1,0.8705478581152678,3,1993.03524149177,True,summer,False,True,Temperature 23.6°C outside Hot band (26-inf°C),23.61190331336388,Hot,summer_peak,SUPPRESS_CLIMATE
53062,TRENCH_0418,风衣,27,0.9083106407304106,8,512.6972856133001,True,transition,True,False,Cool products NOT appropriate for summer_peak,31.90419161682333,Cool,summer_peak,SUPPRESS_TIME
44440,KNIT_0419,针织衫,1,0.8618932761272936,8,438.9079101839267,True,transition,True,False,Cool products NOT appropriate for summer_peak,32.27523663353492,Cool,summer_peak,SUPPRESS_TIME
61137,KNIT_0420,针织衫,41,0.8250327676782306,9,836.579830025749,True,transition,True,False,Cool products NOT appropriate for summer_peak,37.65472957702203,Cool,summer_peak,SUPPRESS_TIME
32536,WOOL_0421,毛呢大衣,9,0.8097280391724453,7,1435.592537859486,True,winter,True,False,Cold products NOT appropriate for summer_peak,31.23824685929812,Cold,summer_peak,SUPPRESS_TIME
15019,PADDED_0422,棉服,41,0.8903218466078722,3,1046.6857963005618,True,winter,True,False,Cold products NOT appropriate for summer_peak,26.440678191898648,Cold,summer_peak,SUPPRESS_TIME
45028,WOOL_0423,毛呢大衣,1,0.8087826393865969,6,498.6997902271779,True,winter,True,False,Cold products NOT appropriate for summer_peak,33.690625055249015,Cold,summer_peak,SUPPRESS_TIME
33533,WOOL_0424,毛呢大衣,13,0.8660298496933236,4,332.5158389178381,True,winter,True,False,Cold products NOT appropriate for summer_peak,31.35322693965092,Cold,summer_peak,SUPPRESS_TIME
33533,WOOL_0424,毛呢大衣,13,0.8660298496933236,4,332.5158389178381,True,winter,True,False,Cold products NOT appropriate for summer_peak,32.521403456176174,Cold,summer_peak,SUPPRESS_TIME
53008,TSHIRT_0425,T恤,27,0.8353786398715531,4,218.83023110500002,True,summer,True,True,,37.3423348692087,Hot,summer_peak,ADD
32447,ACCESSORY_0426,配饰,3,0.9149882785957465,9,1872.9153295527597,True,all,True,True,,26.165716835933033,All,summer_peak,ADD
44450,DOWN_0427,羽绒服,1,0.8631872079941109,4,1042.716129815117,True,winter,True,False,Cold products NOT appropriate for summer_peak,25.09351580747508,Cold,summer_peak,SUPPRESS_TIME
34181,ACCESSORY_0428,配饰,21,0.9028866906574795,7,1186.5573153316543,True,all,True,True,,34.11902923945414,All,summer_peak,ADD
33472,SHORT_SLV_0429,短袖,13,0.884832494738216,2,414.0588108433316,True,summer,True,True,,35.427025099643,Hot,summer_peak,ADD
43172,DOWN_0430,羽绒服,10,0.8878715218957853,6,618.8345389483436,True,winter,True,False,Cold products NOT appropriate for summer_peak,32.435712813473955,Cold,summer_peak,SUPPRESS_TIME
45027,WOOL_0431,毛呢大衣,1,0.941101886767301,3,916.3479442039767,True,winter,True,False,Cold products NOT appropriate for summer_peak,25.71501539633783,Cold,summer_peak,SUPPRESS_TIME
32636,JACKET_0432,夹克,5,0.8721359001129605,5,970.555084801996,True,transition,True,False,Cool products NOT appropriate for summer_peak,28.93115308759075,Cool,summer_peak,SUPPRESS_TIME
32636,JACKET_0432,夹克,5,0.8721359001129605,5,970.555084801996,True,transition,True,False,Cool products NOT appropriate for summer_peak,30.92357410158851,Cool,summer_peak,SUPPRESS_TIME
43129,TRENCH_0433,风衣,4,0.8074763041674413,7,1043.2761894750695,True,transition,True,False,Cool products NOT appropriate for summer_peak,32.04469578175582,Cool,summer_peak,SUPPRESS_TIME
32750,SHORTS_0434,短裤,22,0.9094262342978595,6,208.8324770474844,True,summer,True,True,,26.6170681394287,Hot,summer_peak,ADD
33144,SHORT_SLV_0435,短袖,8,0.9127062629043569,8,996.9148249742967,True,summer,True,True,,37.262970656095554,Hot,summer_peak,ADD
41146,UNDERWEAR_0436,内衣,6,0.8423280612039801,7,569.2597182367997,True,all,True,True,,25.86033859979043,All,summer_peak,ADD
31237,SHORTS_0437,短裤,5,0.9462251979171667,6,914.8850698359734,True,summer,True,True,,41.86211275926251,Hot,summer_peak,ADD
31031,KNIT_0438,针织衫,22,0.8098049236346578,4,163.86584034823701,True,transition,True,False,Cool products NOT appropriate for summer_peak,38.602447278908535,Cool,summer_peak,SUPPRESS_TIME
33545,SHORT_SLV_0439,短袖,8,0.8518880671252541,2,881.0816449413425,True,summer,True,True,,33.88992849570852,Hot,summer_peak,ADD
41128,PADDED_0440,棉服,10,0.9098673097757134,4,343.1775962138141,True,winter,True,False,Cold products NOT appropriate for summer_peak,30.248524447634843,Cold,summer_peak,SUPPRESS_TIME
33665,TSHIRT_0441,T恤,22,0.8590171769845387,8,594.2998028278972,True,summer,True,True,,32.80813974377513,Hot,summer_peak,ADD
37091,JACKET_0442,夹克,6,0.947194563574587,2,375.4336375216524,True,transition,True,False,Cool products NOT appropriate for summer_peak,23.872019447849667,Cool,summer_peak,SUPPRESS_TIME
44291,JACKET_0443,夹克,19,0.8847995381857415,3,686.527612409071,True,transition,True,False,Cool products NOT appropriate for summer_peak,26.906682208666304,Cool,summer_peak,SUPPRESS_TIME
33506,SHORT_SLV_0444,短袖,13,0.8274523166352091,1,387.36897459637566,True,summer,True,True,,42.7220785034094,Hot,summer_peak,ADD
33579,UNDERWEAR_0445,内衣,13,0.8133260367631346,6,1166.3232977367973,True,all,True,True,,34.31037078315284,All,summer_peak,ADD
32659,SHORTS_0446,短裤,21,0.8172153307803827,2,867.5579650204417,True,summer,True,True,,35.77058019730213,Hot,summer_peak,ADD
51221,SHORT_SLV_0447,短袖,37,0.9187549982680028,1,1132.7226129510275,True,summer,True,True,,33.47283169371388,Hot,summer_peak,ADD
33703,KNIT_0448,针织衫,9,0.9270378092132839,5,367.8232922913616,True,transition,True,False,Cool products NOT appropriate for summer_peak,33.464084022445356,Cool,summer_peak,SUPPRESS_TIME
51173,SHORT_SLV_0449,短袖,11,0.9003533505993663,2,1737.7751259681174,True,summer,True,True,,32.62150102581355,Hot,summer_peak,ADD
32376,TSHIRT_0450,T恤,9,0.8818147804110358,8,1595.243256343566,True,summer,True,True,,35.88375933390044,Hot,summer_peak,ADD
37045,ACCESSORY_0451,配饰,10,0.8688859816395437,3,1593.928578829663,True,all,True,True,,33.61961168601875,All,summer_peak,ADD
33694,TSHIRT_0452,T恤,5,0.9308203550033715,4,1537.8278608084065,True,summer,True,True,,32.4736747438094,Hot,summer_peak,ADD
44100,SHORTS_0453,短裤,15,0.8189380674188921,6,407.07764144315576,True,summer,True,True,,32.01619455244636,Hot,summer_peak,ADD
33351,ACCESSORY_0454,配饰,8,0.941995693129941,8,1971.4803466676626,True,all,True,True,,26.56976681798121,All,summer_peak,ADD
33553,PADDED_0455,棉服,22,0.8097806886890738,3,1827.5183911369643,True,winter,True,False,Cold products NOT appropriate for summer_peak,30.41875107389535,Cold,summer_peak,SUPPRESS_TIME
43038,TRENCH_0456,风衣,32,0.9197516282336492,7,1347.8821989761586,True,transition,True,False,Cool products NOT appropriate for summer_peak,26.663771731059985,Cool,summer_peak,SUPPRESS_TIME
35096,ACCESSORY_0457,配饰,1,0.9163417776387991,3,471.6576187845786,True,all,True,True,,24.383907563557337,All,summer_peak,ADD
11036,SHORTS_0458,短裤,33,0.8535006461212647,9,1197.4273951741993,True,summer,True,True,,26.052630476816688,Hot,summer_peak,ADD
33599,SHORTS_0459,短裤,22,0.8780285784877332,4,1159.8583646654827,True,summer,True,True,,35.02173356519927,Hot,summer_peak,ADD
33496,WOOL_0460,毛呢大衣,22,0.8544651104951015,2,420.8229926876037,True,winter,True,False,Cold products NOT appropriate for summer_peak,32.73676830119081,Cold,summer_peak,SUPPRESS_TIME
34077,SHORTS_0461,短裤,21,0.9340984565011805,5,936.6144948998631,True,summer,True,True,,30.054281143206644,Hot,summer_peak,ADD
44351,WOOL_0462,毛呢大衣,1,0.9323624552611007,7,1937.540568992424,True,winter,True,False,Cold products NOT appropriate for summer_peak,31.97673779136191,Cold,summer_peak,SUPPRESS_TIME
32620,TSHIRT_0463,T恤,9,0.8183650847538412,2,415.3143010619915,True,summer,False,True,Temperature 25.1°C outside Hot band (26-inf°C),25.115800498183923,Hot,summer_peak,SUPPRESS_CLIMATE
32620,TSHIRT_0463,T恤,9,0.8183650847538412,2,415.3143010619915,True,summer,True,True,,26.06791722212311,Hot,summer_peak,ADD
34306,UNDERWEAR_0464,内衣,21,0.8641234531880922,7,346.6702530082634,True,all,True,True,,33.83294619786411,All,summer_peak,ADD
42161,WOOL_0465,毛呢大衣,6,0.8791099433184014,9,1663.6210478208236,True,winter,True,False,Cold products NOT appropriate for summer_peak,32.129879727203885,Cold,summer_peak,SUPPRESS_TIME
31136,SHORT_SLV_0466,短袖,5,0.9228595270792483,2,310.4220461060204,True,summer,True,True,,29.905109695559673,Hot,summer_peak,ADD
41116,PADDED_0467,棉服,6,0.9232455346565707,9,779.8167041183394,True,winter,True,False,Cold products NOT appropriate for summer_peak,35.466750572892394,Cold,summer_peak,SUPPRESS_TIME
36054,KNIT_0468,针织衫,4,0.9242373878655827,5,314.59209598122976,True,transition,True,False,Cool products NOT appropriate for summer_peak,32.0977290385909,Cool,summer_peak,SUPPRESS_TIME
36054,KNIT_0468,针织衫,4,0.9242373878655827,5,314.59209598122976,True,transition,True,False,Cool products NOT appropriate for summer_peak,31.532960570075645,Cool,summer_peak,SUPPRESS_TIME
36038,DOWN_0469,羽绒服,10,0.8359811169133917,4,1820.1837611279536,True,winter,True,False,Cold products NOT appropriate for summer_peak,33.197663514980974,Cold,summer_peak,SUPPRESS_TIME
33664,PADDED_0470,棉服,22,0.912323950544496,9,927.4603633565027,True,winter,True,False,Cold products NOT appropriate for summer_peak,34.43897438836024,Cold,summer_peak,SUPPRESS_TIME
33581,KNIT_0471,针织衫,8,0.9107103685007776,3,159.1196398429796,True,transition,True,False,Cool products NOT appropriate for summer_peak,36.67559605577431,Cool,summer_peak,SUPPRESS_TIME
45136,PADDED_0472,棉服,44,0.8472379382919452,8,232.31818150857092,True,winter,True,False,Cold products NOT appropriate for summer_peak,25.28947728890879,Cold,summer_peak,SUPPRESS_TIME
45147,KNIT_0473,针织衫,1,0.9283605888358679,1,1690.3781379615862,True,transition,True,False,Cool products NOT appropriate for summer_peak,26.52841883663257,Cool,summer_peak,SUPPRESS_TIME
33509,WOOL_0474,毛呢大衣,22,0.9041225860264747,9,509.5067507035305,True,winter,True,False,Cold products NOT appropriate for summer_peak,37.38232502544359,Cold,summer_peak,SUPPRESS_TIME
53088,JACKET_0475,夹克,27,0.804978403184364,5,875.7820512429571,True,transition,True,False,Cool products NOT appropriate for summer_peak,32.99804640020105,Cool,summer_peak,SUPPRESS_TIME
51066,DOWN_0476,羽绒服,11,0.9149097164802954,3,212.2783911486812,True,winter,True,False,Cold products NOT appropriate for summer_peak,29.815674753552525,Cold,summer_peak,SUPPRESS_TIME
64007,WOOL_0477,毛呢大衣,41,0.9360792546058745,7,421.2540336763858,True,winter,True,False,Cold products NOT appropriate for summer_peak,26.11776706139686,Cold,summer_peak,SUPPRESS_TIME
37198,SHORTS_0478,短裤,10,0.8569254355062078,4,825.0626857476802,True,summer,True,True,,26.07693716829663,Hot,summer_peak,ADD
44108,ACCESSORY_0479,配饰,24,0.8633822642467917,9,900.7436790005701,True,all,True,True,,33.65107870536424,All,summer_peak,ADD
31237,UNDERWEAR_0480,内衣,5,0.9449365116060197,6,1730.8491859183296,True,all,True,True,,41.86211275926251,All,summer_peak,ADD
12079,WOOL_0481,毛呢大衣,2,0.9239058577499858,3,1629.3228759987335,True,winter,True,False,Cold products NOT appropriate for summer_peak,25.28685216132062,Cold,summer_peak,SUPPRESS_TIME
33721,TSHIRT_0482,T恤,22,0.8932016745880295,9,679.0270812336533,True,summer,True,True,,33.7604746294347,Hot,summer_peak,ADD
41044,SHORT_SLV_0483,短袖,10,0.8422281797622395,4,313.9027417826803,True,summer,True,True,,26.6197820842246,Hot,summer_peak,ADD
33648,JACKET_0484,夹克,8,0.8811047714967365,8,600.2999891310801,True,transition,True,False,Cool products NOT appropriate for summer_peak,24.250775943844292,Cool,summer_peak,SUPPRESS_TIME
31224,DOWN_0485,羽绒服,5,0.8703151948196759,9,1666.616135365361,True,winter,True,False,Cold products NOT appropriate for summer_peak,35.1183010919923,Cold,summer_peak,SUPPRESS_TIME
33436,WOOL_0486,毛呢大衣,22,0.8339527241512229,9,191.47138835887156,True,winter,True,False,Cold products NOT appropriate for summer_peak,37.72533231836914,Cold,summer_peak,SUPPRESS_TIME
12041,SHORTS_0487,短裤,14,0.9315892644239269,6,1795.3747464653393,True,summer,True,True,,32.850578222709174,Hot,summer_peak,ADD
36124,TSHIRT_0488,T恤,10,0.8796974780852088,1,642.0516428789012,True,summer,True,True,,33.38883240875455,Hot,summer_peak,ADD
34158,ACCESSORY_0489,配饰,21,0.9493156274286965,2,1189.3637567069143,True,all,True,True,,23.165857969231684,All,summer_peak,ADD
33066,JACKET_0490,夹克,22,0.837846087475911,5,1238.0591655367,True,transition,True,False,Cool products NOT appropriate for summer_peak,32.15119248957246,Cool,summer_peak,SUPPRESS_TIME
51115,SHORT_SLV_0491,短袖,16,0.9364440229154888,4,1750.2478620085487,True,summer,True,True,,33.53538858397518,Hot,summer_peak,ADD
32463,SHORTS_0492,短裤,12,0.9433736725581128,8,1083.1480683345785,True,summer,True,True,,26.065858517928625,Hot,summer_peak,ADD
41182,KNIT_0493,针织衫,10,0.8651893941288068,9,747.5498296007086,True,transition,True,False,Cool products NOT appropriate for summer_peak,39.97877504145373,Cool,summer_peak,SUPPRESS_TIME
33435,KNIT_0494,针织衫,13,0.8910634368078131,3,945.9676133410975,True,transition,True,False,Cool products NOT appropriate for summer_peak,30.065434793212,Cool,summer_peak,SUPPRESS_TIME
32506,WOOL_0495,毛呢大衣,9,0.8356150202562209,7,350.2175330968732,True,winter,True,False,Cold products NOT appropriate for summer_peak,34.31789793872428,Cold,summer_peak,SUPPRESS_TIME
33329,KNIT_0496,针织衫,22,0.9180125502731655,3,1339.2260931363976,True,transition,True,False,Cool products NOT appropriate for summer_peak,36.59638358971116,Cool,summer_peak,SUPPRESS_TIME
21086,SHORTS_0497,短裤,14,0.8900976599822533,7,1969.296594425332,True,summer,False,True,Temperature 25.8°C outside Hot band (26-inf°C),25.775904968491595,Hot,summer_peak,SUPPRESS_CLIMATE
34270,KNIT_0498,针织衫,9,0.8106398324200661,9,105.54996198058781,True,transition,True,False,Cool products NOT appropriate for summer_peak,34.48811265363692,Cool,summer_peak,SUPPRESS_TIME
33349,KNIT_0499,针织衫,8,0.8068473118253576,8,553.8276547636625,True,transition,True,False,Cool products NOT appropriate for summer_peak,31.944805162545386,Cool,summer_peak,SUPPRESS_TIME
