str_code,spu_code,sub_cate_name,category_type,cluster_id,current_spu_count,target_spu_count,eligibility_status,excess_quantity,is_overcapacity,potential_reduction,max_reduction,constrained_reduction,step7_increase,step8_increase,step9_increase,reduction_allowed,reduction_gate_reason,is_core_subcategory,recommended_quantity_change,rule10_applied,rule10_reason
S01001,SPU_棉服_0001,棉服,winter,2,7.33991780504304,6.311249197428925,INELIGIBLE,1.0286686076141152,True,1.0286686076141152,2.935967122017216,1.0286686076141152,False,False,False,True,ELIGIBLE: No prior increases,False,-1.0286686076141152,True,Overcapacity reduction: -1.0 units (excess: 1.0)
S01003,SPU_夹克_0003,夹克,transition,4,19.078290635236254,17.125884531081393,INELIGIBLE,1.9524061041548606,True,1.9524061041548606,7.631316254094502,1.9524061041548606,False,False,False,True,ELIGIBLE: No prior increases,False,-1.9524061041548606,True,Overcapacity reduction: -2.0 units (excess: 2.0)
S01005,SPU_T恤_0005,T恤,summer,1,12.871619903875837,7.9031707461598835,ELIGIBLE,4.968449157715954,True,4.968449157715954,5.148647961550335,4.968449157715954,False,False,False,True,ELIGIBLE: No prior increases,False,-4.968449157715954,True,Overcapacity reduction: -5.0 units (excess: 5.0)
S01011,SPU_束脚裤_0011,束脚裤,core,4,12.427653651669052,10.846807895630896,ELIGIBLE,1.5808457560381566,True,1.5808457560381566,2.4855307303338106,1.5808457560381566,False,False,False,True,ELIGIBLE: No prior increases,True,-1.5808457560381566,True,Overcapacity reduction: -1.6 units (excess: 1.6)
S01013,SPU_羽绒服_0013,羽绒服,winter,2,13.515504917299872,11.52447415422158,INELIGIBLE,1.9910307630782924,True,1.9910307630782924,5.406201966919949,1.9910307630782924,False,False,False,True,ELIGIBLE: No prior increases,False,-1.9910307630782924,True,Overcapacity reduction: -2.0 units (excess: 2.0)
S01015,SPU_毛呢大_0015,毛呢大衣,winter,4,5.678409333658071,4.069166225060945,INELIGIBLE,1.6092431085971262,True,1.6092431085971262,2.2713637334632284,1.6092431085971262,False,False,False,True,ELIGIBLE: No prior increases,False,-1.6092431085971262,True,Overcapacity reduction: -1.6 units (excess: 1.6)
S01017,SPU_针织衫_0017,针织衫,transition,4,13.140441247373728,11.046631436749951,INELIGIBLE,2.0938098106237764,True,2.0938098106237764,5.2561764989494915,2.0938098106237764,False,False,False,True,ELIGIBLE: No prior increases,False,-2.0938098106237764,True,Overcapacity reduction: -2.1 units (excess: 2.1)
S01020,SPU_短袖_0020,短袖,summer,3,6.110669776011355,3.878813133611334,ELIGIBLE,2.2318566424000212,True,2.2318566424000212,2.4442679104045424,2.2318566424000212,False,False,False,True,ELIGIBLE: No prior increases,False,-2.2318566424000212,True,Overcapacity reduction: -2.2 units (excess: 2.2)
S01025,SPU_锥形裤_0025,锥形裤,core,1,15.65994334528681,11.459961425792423,ELIGIBLE,4.1999819194943875,True,4.1999819194943875,3.131988669057362,3.131988669057362,False,False,False,True,ELIGIBLE: No prior increases,True,-3.131988669057362,True,Overcapacity reduction: -3.1 units (excess: 4.2)
S01027,SPU_棉服_0027,棉服,winter,4,18.613497108891394,13.459696670773464,INELIGIBLE,5.15380043811793,True,5.15380043811793,7.445398843556558,5.15380043811793,False,False,False,True,ELIGIBLE: No prior increases,False,-5.15380043811793,True,Overcapacity reduction: -5.2 units (excess: 5.2)
S01034,SPU_内衣_0034,内衣,all_season,3,11.261165047231685,7.161646133836507,ELIGIBLE,4.099518913395178,True,4.099518913395178,4.504466018892674,4.099518913395178,False,False,False,True,ELIGIBLE: No prior increases,False,-4.099518913395178,True,Overcapacity reduction: -4.1 units (excess: 4.1)
S01035,SPU_配饰_0035,配饰,all_season,4,8.661882833716612,5.765602711675384,ELIGIBLE,2.8962801220412286,True,2.8962801220412286,3.4647531334866453,2.8962801220412286,False,False,False,True,ELIGIBLE: No prior increases,False,-2.8962801220412286,True,Overcapacity reduction: -2.9 units (excess: 2.9)
S01036,SPU_直筒裤_0036,直筒裤,core,1,11.057542565870612,7.476829688835269,ELIGIBLE,3.580712877035343,True,3.580712877035343,2.2115085131741226,2.2115085131741226,False,False,False,True,ELIGIBLE: No prior increases,True,-2.2115085131741226,True,Overcapacity reduction: -2.2 units (excess: 3.6)
S01039,SPU_羽绒服_0039,羽绒服,winter,4,5.77218126874984,5.036111361456263,INELIGIBLE,0.7360699072935768,True,0.7360699072935768,2.308872507499936,0.7360699072935768,False,False,False,True,ELIGIBLE: No prior increases,False,-0.7360699072935768,True,Overcapacity reduction: -0.7 units (excess: 0.7)
S01041,SPU_毛呢大_0041,毛呢大衣,winter,4,6.212799894990729,4.179027308724724,INELIGIBLE,2.0337725862660054,True,2.0337725862660054,2.4851199579962917,2.0337725862660054,False,False,False,True,ELIGIBLE: No prior increases,False,-2.0337725862660054,True,Overcapacity reduction: -2.0 units (excess: 2.0)
S01045,SPU_短裤_0045,短裤,summer,3,17.14251569209573,10.780121826146337,ELIGIBLE,6.362393865949395,True,6.362393865949395,6.857006276838293,6.362393865949395,False,False,False,True,ELIGIBLE: No prior increases,False,-6.362393865949395,True,Overcapacity reduction: -6.4 units (excess: 6.4)
S01046,SPU_短袖_0046,短袖,summer,1,15.364066071536989,13.53603407436458,ELIGIBLE,1.8280319971724097,True,1.8280319971724097,6.145626428614796,1.8280319971724097,False,False,False,True,ELIGIBLE: No prior increases,False,-1.8280319971724097,True,Overcapacity reduction: -1.8 units (excess: 1.8)
S01052,SPU_羽绒服_0052,羽绒服,winter,1,14.630474692314316,9.487696258722355,INELIGIBLE,5.14277843359196,True,5.14277843359196,5.852189876925727,5.14277843359196,False,False,False,True,ELIGIBLE: No prior increases,False,-5.14277843359196,True,Overcapacity reduction: -5.1 units (excess: 5.1)
S01053,SPU_棉服_0053,棉服,winter,4,13.71029932154682,12.0930328624158,INELIGIBLE,1.6172664591310202,True,1.6172664591310202,5.484119728618729,1.6172664591310202,False,False,False,True,ELIGIBLE: No prior increases,False,-1.6172664591310202,True,Overcapacity reduction: -1.6 units (excess: 1.6)
S01054,SPU_毛呢大_0054,毛呢大衣,winter,1,5.07592375769328,3.8811535180444428,INELIGIBLE,1.1947702396488373,True,1.1947702396488373,2.030369503077312,1.1947702396488373,False,False,False,True,ELIGIBLE: No prior increases,False,-1.1947702396488373,True,Overcapacity reduction: -1.2 units (excess: 1.2)
S01055,SPU_夹克_0055,夹克,transition,3,14.779418892539008,12.025329847180652,INELIGIBLE,2.7540890453583557,True,2.7540890453583557,5.911767557015604,2.7540890453583557,False,False,False,True,ELIGIBLE: No prior increases,False,-2.7540890453583557,True,Overcapacity reduction: -2.8 units (excess: 2.8)
S01056,SPU_针织衫_0056,针织衫,transition,1,12.40840572775152,8.80923144634894,INELIGIBLE,3.599174281402579,True,3.599174281402579,4.963362291100609,3.599174281402579,False,False,False,True,ELIGIBLE: No prior increases,False,-3.599174281402579,True,Overcapacity reduction: -3.6 units (excess: 3.6)
S01058,SPU_短裤_0058,短裤,summer,3,14.544989272788431,11.30089310870268,ELIGIBLE,3.244096164085752,True,3.244096164085752,5.8179957091153724,3.244096164085752,False,False,False,True,ELIGIBLE: No prior increases,False,-3.244096164085752,True,Overcapacity reduction: -3.2 units (excess: 3.2)
S01065,SPU_羽绒服_0065,羽绒服,winter,1,6.130193840091923,4.029212792204188,INELIGIBLE,2.1009810478877355,True,2.1009810478877355,2.4520775360367697,2.1009810478877355,False,False,False,True,ELIGIBLE: No prior increases,False,-2.1009810478877355,True,Overcapacity reduction: -2.1 units (excess: 2.1)
S01066,SPU_棉服_0066,棉服,winter,1,9.753830077344166,7.481581516667338,INELIGIBLE,2.272248560676828,True,2.272248560676828,3.901532030937666,2.272248560676828,False,False,False,True,ELIGIBLE: No prior increases,False,-2.272248560676828,True,Overcapacity reduction: -2.3 units (excess: 2.3)
S01067,SPU_毛呢大_0067,毛呢大衣,winter,2,18.95025252216248,12.557870249922717,INELIGIBLE,6.392382272239763,True,6.392382272239763,7.580101008864992,6.392382272239763,False,False,False,True,ELIGIBLE: No prior increases,False,-6.392382272239763,True,Overcapacity reduction: -6.4 units (excess: 6.4)
S01068,SPU_夹克_0068,夹克,transition,2,8.812454736046082,6.14021204460657,INELIGIBLE,2.6722426914395117,True,2.6722426914395117,3.524981894418433,2.6722426914395117,False,False,False,True,ELIGIBLE: No prior increases,False,-2.6722426914395117,True,Overcapacity reduction: -2.7 units (excess: 2.7)
S01071,SPU_短裤_0071,短裤,summer,5,6.223912706003605,4.906735631770418,ELIGIBLE,1.3171770742331876,True,1.3171770742331876,2.4895650824014424,1.3171770742331876,False,False,False,True,ELIGIBLE: No prior increases,False,-1.3171770742331876,True,Overcapacity reduction: -1.3 units (excess: 1.3)
S01073,SPU_内衣_0073,内衣,all_season,4,18.299257234259898,14.157393628588677,ELIGIBLE,4.141863605671221,True,4.141863605671221,7.319702893703959,4.141863605671221,False,False,False,True,ELIGIBLE: No prior increases,False,-4.141863605671221,True,Overcapacity reduction: -4.1 units (excess: 4.1)
S01080,SPU_毛呢大_0080,毛呢大衣,winter,3,11.584571310584542,7.038846034812535,INELIGIBLE,4.545725275772007,True,4.545725275772007,4.633828524233817,4.545725275772007,False,False,False,True,ELIGIBLE: No prior increases,False,-4.545725275772007,True,Overcapacity reduction: -4.5 units (excess: 4.5)
S01082,SPU_针织衫_0082,针织衫,transition,1,7.599414801062687,5.130158755889466,INELIGIBLE,2.4692560451732204,True,2.4692560451732204,3.039765920425075,2.4692560451732204,False,False,False,True,ELIGIBLE: No prior increases,False,-2.4692560451732204,True,Overcapacity reduction: -2.5 units (excess: 2.5)
S01085,SPU_短袖_0085,短袖,summer,3,16.367691656965537,10.390567351067427,ELIGIBLE,5.97712430589811,True,5.97712430589811,6.547076662786215,5.97712430589811,False,False,False,True,ELIGIBLE: No prior increases,False,-5.97712430589811,True,Overcapacity reduction: -6.0 units (excess: 6.0)
S01087,SPU_配饰_0087,配饰,all_season,5,12.112607436309878,9.053989493210366,ELIGIBLE,3.0586179430995113,True,3.0586179430995113,4.845042974523952,3.0586179430995113,False,False,False,True,ELIGIBLE: No prior increases,False,-3.0586179430995113,True,Overcapacity reduction: -3.1 units (excess: 3.1)
S01095,SPU_针织衫_0095,针织衫,transition,2,8.10026539815118,5.381627885248747,INELIGIBLE,2.7186375129024327,True,2.7186375129024327,3.2401061592604723,2.7186375129024327,False,False,False,True,ELIGIBLE: No prior increases,False,-2.7186375129024327,True,Overcapacity reduction: -2.7 units (excess: 2.7)
S01015,SPU_束脚裤_0115,束脚裤,core,1,18.20539952957625,15.880717690112895,ELIGIBLE,2.3246818394633557,True,2.3246818394633557,3.6410799059152503,2.3246818394633557,False,False,False,True,ELIGIBLE: No prior increases,True,-2.3246818394633557,True,Overcapacity reduction: -2.3 units (excess: 2.3)
S01021,SPU_针织衫_0121,针织衫,transition,1,10.623058692855562,9.141989071509279,INELIGIBLE,1.4810696213462826,True,1.4810696213462826,4.249223477142225,1.4810696213462826,False,False,False,True,ELIGIBLE: No prior increases,False,-1.4810696213462826,True,Overcapacity reduction: -1.5 units (excess: 1.5)
S01022,SPU_T恤_0122,T恤,summer,5,19.44833809160917,17.327762253876518,ELIGIBLE,2.120575837732652,True,2.120575837732652,7.779335236643668,2.120575837732652,False,False,False,True,ELIGIBLE: No prior increases,False,-2.120575837732652,True,Overcapacity reduction: -2.1 units (excess: 2.1)
S01025,SPU_内衣_0125,内衣,all_season,2,7.493231478638794,5.157952281001015,ELIGIBLE,2.335279197637779,True,2.335279197637779,2.9972925914555177,2.335279197637779,False,False,False,True,ELIGIBLE: No prior increases,False,-2.335279197637779,True,Overcapacity reduction: -2.3 units (excess: 2.3)
S01028,SPU_束脚裤_0128,束脚裤,core,4,6.601340989038266,4.29683906480352,ELIGIBLE,2.3045019242347458,True,2.3045019242347458,1.3202681978076534,1.3202681978076534,False,False,False,True,ELIGIBLE: No prior increases,True,-1.3202681978076534,True,Overcapacity reduction: -1.3 units (excess: 2.3)
S01030,SPU_羽绒服_0130,羽绒服,winter,4,10.405176428079024,7.657921149547192,INELIGIBLE,2.7472552785318314,True,2.7472552785318314,4.1620705712316095,2.7472552785318314,False,False,False,True,ELIGIBLE: No prior increases,False,-2.7472552785318314,True,Overcapacity reduction: -2.7 units (excess: 2.7)
S01032,SPU_毛呢大_0132,毛呢大衣,winter,5,6.9977768783562455,6.173155688999589,INELIGIBLE,0.8246211893566562,True,0.8246211893566562,2.799110751342498,0.8246211893566562,False,False,False,True,ELIGIBLE: No prior increases,False,-0.8246211893566562,True,Overcapacity reduction: -0.8 units (excess: 0.8)
S01034,SPU_针织衫_0134,针织衫,transition,2,13.27381808816105,9.601968534510526,INELIGIBLE,3.6718495536505245,True,3.6718495536505245,5.3095272352644205,3.6718495536505245,False,False,False,True,ELIGIBLE: No prior increases,False,-3.6718495536505245,True,Overcapacity reduction: -3.7 units (excess: 3.7)
S01040,SPU_直筒裤_0140,直筒裤,core,5,16.35621803063684,10.996701642820998,ELIGIBLE,5.359516387815841,True,5.359516387815841,3.271243606127368,3.271243606127368,False,False,False,True,ELIGIBLE: No prior increases,True,-3.271243606127368,True,Overcapacity reduction: -3.3 units (excess: 5.4)
S01045,SPU_毛呢大_0145,毛呢大衣,winter,3,11.052242993185956,6.726779735694345,INELIGIBLE,4.325463257491611,True,4.325463257491611,4.420897197274383,4.325463257491611,False,False,False,True,ELIGIBLE: No prior increases,False,-4.325463257491611,True,Overcapacity reduction: -4.3 units (excess: 4.3)
S01052,SPU_配饰_0152,配饰,all_season,2,14.31208526633137,9.48518047391813,ELIGIBLE,4.82690479241324,True,4.82690479241324,5.724834106532548,4.82690479241324,False,False,False,True,ELIGIBLE: No prior increases,False,-4.82690479241324,True,Overcapacity reduction: -4.8 units (excess: 4.8)
S01056,SPU_羽绒服_0156,羽绒服,winter,2,14.029030933114402,11.87609643931901,INELIGIBLE,2.1529344937953923,True,2.1529344937953923,5.6116123732457615,2.1529344937953923,False,False,False,True,ELIGIBLE: No prior increases,False,-2.1529344937953923,True,Overcapacity reduction: -2.2 units (excess: 2.2)
S01057,SPU_棉服_0157,棉服,winter,2,9.178855085479379,5.751569362208884,INELIGIBLE,3.4272857232704945,True,3.4272857232704945,3.6715420341917517,3.4272857232704945,False,False,False,True,ELIGIBLE: No prior increases,False,-3.4272857232704945,True,Overcapacity reduction: -3.4 units (excess: 3.4)
S01058,SPU_毛呢大_0158,毛呢大衣,winter,1,13.016352555987845,11.301645680243858,INELIGIBLE,1.7147068757439872,True,1.7147068757439872,5.206541022395139,1.7147068757439872,False,False,False,True,ELIGIBLE: No prior increases,False,-1.7147068757439872,True,Overcapacity reduction: -1.7 units (excess: 1.7)
S01061,SPU_T恤_0161,T恤,summer,3,18.813086007977198,12.850528507270257,ELIGIBLE,5.962557500706941,True,5.962557500706941,7.525234403190879,5.962557500706941,False,False,False,True,ELIGIBLE: No prior increases,False,-5.962557500706941,True,Overcapacity reduction: -6.0 units (excess: 6.0)
S01065,SPU_配饰_0165,配饰,all_season,3,12.981702278979736,9.531473609998569,ELIGIBLE,3.4502286689811665,True,3.4502286689811665,5.192680911591895,3.4502286689811665,False,False,False,True,ELIGIBLE: No prior increases,False,-3.4502286689811665,True,Overcapacity reduction: -3.5 units (excess: 3.5)
S01066,SPU_直筒裤_0166,直筒裤,core,3,10.957457487561237,8.99850035160055,ELIGIBLE,1.9589571359606879,True,1.9589571359606879,2.1914914975122475,1.9589571359606879,False,False,False,True,ELIGIBLE: No prior increases,True,-1.9589571359606879,True,Overcapacity reduction: -2.0 units (excess: 2.0)
S01067,SPU_束脚裤_0167,束脚裤,core,4,5.3010679666658955,3.516910856950956,ELIGIBLE,1.7841571097149393,True,1.7841571097149393,1.060213593333179,1.060213593333179,False,False,False,True,ELIGIBLE: No prior increases,True,-1.060213593333179,True,Overcapacity reduction: -1.1 units (excess: 1.8)
S01068,SPU_锥形裤_0168,锥形裤,core,2,13.030033460232852,9.158524630927248,ELIGIBLE,3.871508829305604,True,3.871508829305604,2.6060066920465705,2.6060066920465705,False,False,False,True,ELIGIBLE: No prior increases,True,-2.6060066920465705,True,Overcapacity reduction: -2.6 units (excess: 3.9)
S01071,SPU_毛呢大_0171,毛呢大衣,winter,1,13.466878137839618,9.44343349962965,INELIGIBLE,4.023444638209968,True,4.023444638209968,5.386751255135848,4.023444638209968,False,False,False,True,ELIGIBLE: No prior increases,False,-4.023444638209968,True,Overcapacity reduction: -4.0 units (excess: 4.0)
S01074,SPU_T恤_0174,T恤,summer,5,7.2928870877649805,4.727281586345676,ELIGIBLE,2.565605501419305,True,2.565605501419305,2.9171548351059924,2.565605501419305,False,False,False,True,ELIGIBLE: No prior increases,False,-2.565605501419305,True,Overcapacity reduction: -2.6 units (excess: 2.6)
S01082,SPU_羽绒服_0182,羽绒服,winter,1,14.159300636624488,10.964558397560596,INELIGIBLE,3.194742239063892,True,3.194742239063892,5.663720254649796,3.194742239063892,False,False,False,True,ELIGIBLE: No prior increases,False,-3.194742239063892,True,Overcapacity reduction: -3.2 units (excess: 3.2)
S01083,SPU_棉服_0183,棉服,winter,3,18.980215133854013,14.769737767114968,INELIGIBLE,4.210477366739045,True,4.210477366739045,7.592086053541606,4.210477366739045,False,False,False,True,ELIGIBLE: No prior increases,False,-4.210477366739045,True,Overcapacity reduction: -4.2 units (excess: 4.2)
S01086,SPU_针织衫_0186,针织衫,transition,5,5.040663491214945,3.7399195732047095,INELIGIBLE,1.3007439180102351,True,1.3007439180102351,2.016265396485978,1.3007439180102351,False,False,False,True,ELIGIBLE: No prior increases,False,-1.3007439180102351,True,Overcapacity reduction: -1.3 units (excess: 1.3)
S01089,SPU_短袖_0189,短袖,summer,2,7.718495992484902,6.34719862393888,ELIGIBLE,1.3712973685460224,True,1.3712973685460224,3.087398396993961,1.3712973685460224,False,False,False,True,ELIGIBLE: No prior increases,False,-1.3712973685460224,True,Overcapacity reduction: -1.4 units (excess: 1.4)
S01097,SPU_毛呢大_0197,毛呢大衣,winter,3,14.415620796071268,9.251680493742244,INELIGIBLE,5.163940302329024,True,5.163940302329024,5.766248318428508,5.163940302329024,False,False,False,True,ELIGIBLE: No prior increases,False,-5.163940302329024,True,Overcapacity reduction: -5.2 units (excess: 5.2)
S01099,SPU_针织衫_0199,针织衫,transition,5,7.275123195991267,4.907410649099601,INELIGIBLE,2.367712546891666,True,2.367712546891666,2.910049278396507,2.367712546891666,False,False,False,True,ELIGIBLE: No prior increases,False,-2.367712546891666,True,Overcapacity reduction: -2.4 units (excess: 2.4)
S01001,SPU_短裤_0201,短裤,summer,3,16.31952937790175,12.418254579615832,ELIGIBLE,3.9012747982859164,True,3.9012747982859164,6.5278117511607,3.9012747982859164,False,False,False,True,ELIGIBLE: No prior increases,False,-3.9012747982859164,True,Overcapacity reduction: -3.9 units (excess: 3.9)
S01007,SPU_锥形裤_0207,锥形裤,core,2,14.171813531519717,12.21096134309281,ELIGIBLE,1.960852188426907,True,1.960852188426907,2.834362706303944,1.960852188426907,False,False,False,True,ELIGIBLE: No prior increases,True,-1.960852188426907,True,Overcapacity reduction: -2.0 units (excess: 2.0)
S01009,SPU_棉服_0209,棉服,winter,5,15.60857951470098,12.06366051673869,INELIGIBLE,3.5449189979622897,True,3.5449189979622897,6.243431805880392,3.5449189979622897,False,False,False,True,ELIGIBLE: No prior increases,False,-3.5449189979622897,True,Overcapacity reduction: -3.5 units (excess: 3.5)
S01010,SPU_毛呢大_0210,毛呢大衣,winter,2,6.033823090508282,3.808996179568621,INELIGIBLE,2.224826910939661,True,2.224826910939661,2.413529236203313,2.224826910939661,False,False,False,True,ELIGIBLE: No prior increases,False,-2.224826910939661,True,Overcapacity reduction: -2.2 units (excess: 2.2)
S01012,SPU_针织衫_0212,针织衫,transition,5,7.482807655509347,6.369719339515531,INELIGIBLE,1.1130883159938154,True,1.1130883159938154,2.993123062203739,1.1130883159938154,False,False,False,True,ELIGIBLE: No prior increases,False,-1.1130883159938154,True,Overcapacity reduction: -1.1 units (excess: 1.1)
S01015,SPU_短袖_0215,短袖,summer,1,5.069480345069043,3.6472407168957575,ELIGIBLE,1.4222396281732856,True,1.4222396281732856,2.027792138027617,1.4222396281732856,False,False,False,True,ELIGIBLE: No prior increases,False,-1.4222396281732856,True,Overcapacity reduction: -1.4 units (excess: 1.4)
S01020,SPU_锥形裤_0220,锥形裤,core,3,14.483964318792955,11.573574077418478,ELIGIBLE,2.9103902413744773,True,2.9103902413744773,2.8967928637585914,2.8967928637585914,False,False,False,True,ELIGIBLE: No prior increases,True,-2.8967928637585914,True,Overcapacity reduction: -2.9 units (excess: 2.9)
S01021,SPU_羽绒服_0221,羽绒服,winter,1,19.416054762041828,14.064742264809347,INELIGIBLE,5.351312497232481,True,5.351312497232481,7.766421904816731,5.351312497232481,False,False,False,True,ELIGIBLE: No prior increases,False,-5.351312497232481,True,Overcapacity reduction: -5.4 units (excess: 5.4)
S01022,SPU_棉服_0222,棉服,winter,4,13.026045784004879,8.986392489414172,INELIGIBLE,4.039653294590707,True,4.039653294590707,5.210418313601952,4.039653294590707,False,False,False,True,ELIGIBLE: No prior increases,False,-4.039653294590707,True,Overcapacity reduction: -4.0 units (excess: 4.0)
S01024,SPU_夹克_0224,夹克,transition,5,14.374639805765785,12.232379243035968,INELIGIBLE,2.142260562729817,True,2.142260562729817,5.749855922306314,2.142260562729817,False,False,False,True,ELIGIBLE: No prior increases,False,-2.142260562729817,True,Overcapacity reduction: -2.1 units (excess: 2.1)
S01027,SPU_短裤_0227,短裤,summer,3,7.328603688960688,6.291867797752294,ELIGIBLE,1.0367358912083935,True,1.0367358912083935,2.9314414755842755,1.0367358912083935,False,False,False,True,ELIGIBLE: No prior increases,False,-1.0367358912083935,True,Overcapacity reduction: -1.0 units (excess: 1.0)
S01028,SPU_短袖_0228,短袖,summer,3,10.599639744196294,8.407632792645936,ELIGIBLE,2.1920069515503577,True,2.1920069515503577,4.239855897678518,2.1920069515503577,False,False,False,True,ELIGIBLE: No prior increases,False,-2.1920069515503577,True,Overcapacity reduction: -2.2 units (excess: 2.2)
S01035,SPU_棉服_0235,棉服,winter,2,5.19502885266104,3.441009839663204,INELIGIBLE,1.7540190129978361,True,1.7540190129978361,2.078011541064416,1.7540190129978361,False,False,False,True,ELIGIBLE: No prior increases,False,-1.7540190129978361,True,Overcapacity reduction: -1.8 units (excess: 1.8)
S01038,SPU_针织衫_0238,针织衫,transition,2,17.376609971339896,10.604396542339178,INELIGIBLE,6.772213429000718,True,6.772213429000718,6.950643988535958,6.772213429000718,False,False,False,True,ELIGIBLE: No prior increases,False,-6.772213429000718,True,Overcapacity reduction: -6.8 units (excess: 6.8)
S01043,SPU_配饰_0243,配饰,all_season,2,14.50217329739221,9.307593759309823,ELIGIBLE,5.194579538082387,True,5.194579538082387,5.8008693189568845,5.194579538082387,False,False,False,True,ELIGIBLE: No prior increases,False,-5.194579538082387,True,Overcapacity reduction: -5.2 units (excess: 5.2)
S01044,SPU_直筒裤_0244,直筒裤,core,3,11.325559018299227,9.855180835349007,ELIGIBLE,1.4703781829502205,True,1.4703781829502205,2.2651118036598454,1.4703781829502205,False,False,False,True,ELIGIBLE: No prior increases,True,-1.4703781829502205,True,Overcapacity reduction: -1.5 units (excess: 1.5)
S01048,SPU_棉服_0248,棉服,winter,2,7.100278079906735,4.827830658178533,INELIGIBLE,2.2724474217282022,True,2.2724474217282022,2.840111231962694,2.2724474217282022,False,False,False,True,ELIGIBLE: No prior increases,False,-2.2724474217282022,True,Overcapacity reduction: -2.3 units (excess: 2.3)
S01051,SPU_针织衫_0251,针织衫,transition,2,11.33054089326031,10.056853866137631,INELIGIBLE,1.2736870271226781,True,1.2736870271226781,4.532216357304124,1.2736870271226781,False,False,False,True,ELIGIBLE: No prior increases,False,-1.2736870271226781,True,Overcapacity reduction: -1.3 units (excess: 1.3)
S01055,SPU_内衣_0255,内衣,all_season,5,12.256324128986192,9.33874090048915,ELIGIBLE,2.917583228497042,True,2.917583228497042,4.902529651594477,2.917583228497042,False,False,False,True,ELIGIBLE: No prior increases,False,-2.917583228497042,True,Overcapacity reduction: -2.9 units (excess: 2.9)
S01056,SPU_配饰_0256,配饰,all_season,3,13.926168960503823,10.429445443746982,ELIGIBLE,3.496723516756841,True,3.496723516756841,5.57046758420153,3.496723516756841,False,False,False,True,ELIGIBLE: No prior increases,False,-3.496723516756841,True,Overcapacity reduction: -3.5 units (excess: 3.5)
S01061,SPU_棉服_0261,棉服,winter,2,6.546406190206174,5.513573633719597,INELIGIBLE,1.0328325564865768,True,1.0328325564865768,2.6185624760824697,1.0328325564865768,False,False,False,True,ELIGIBLE: No prior increases,False,-1.0328325564865768,True,Overcapacity reduction: -1.0 units (excess: 1.0)
S01066,SPU_短裤_0266,短裤,summer,1,19.160890095299198,15.552368557542982,ELIGIBLE,3.608521537756216,True,3.608521537756216,7.66435603811968,3.608521537756216,False,False,False,True,ELIGIBLE: No prior increases,False,-3.608521537756216,True,Overcapacity reduction: -3.6 units (excess: 3.6)
S01068,SPU_内衣_0268,内衣,all_season,5,15.965355071874225,10.131368563909408,ELIGIBLE,5.833986507964816,True,5.833986507964816,6.38614202874969,5.833986507964816,False,False,False,True,ELIGIBLE: No prior increases,False,-5.833986507964816,True,Overcapacity reduction: -5.8 units (excess: 5.8)
S01075,SPU_毛呢大_0275,毛呢大衣,winter,3,18.05148310851395,15.567788605942686,INELIGIBLE,2.4836945025712627,True,2.4836945025712627,7.22059324340558,2.4836945025712627,False,False,False,True,ELIGIBLE: No prior increases,False,-2.4836945025712627,True,Overcapacity reduction: -2.5 units (excess: 2.5)
S01077,SPU_针织衫_0277,针织衫,transition,4,5.790257539658429,3.539463023652371,INELIGIBLE,2.2507945160060574,True,2.2507945160060574,2.3161030158633715,2.2507945160060574,False,False,False,True,ELIGIBLE: No prior increases,False,-2.2507945160060574,True,Overcapacity reduction: -2.3 units (excess: 2.3)
S01079,SPU_短裤_0279,短裤,summer,2,6.375490026671452,4.8246887845059705,ELIGIBLE,1.5508012421654813,True,1.5508012421654813,2.550196010668581,1.5508012421654813,False,False,False,True,ELIGIBLE: No prior increases,False,-1.5508012421654813,True,Overcapacity reduction: -1.6 units (excess: 1.6)
S01080,SPU_短袖_0280,短袖,summer,1,8.581657186524534,6.061968048200363,ELIGIBLE,2.5196891383241713,True,2.5196891383241713,3.432662874609814,2.5196891383241713,False,False,False,True,ELIGIBLE: No prior increases,False,-2.5196891383241713,True,Overcapacity reduction: -2.5 units (excess: 2.5)
S01081,SPU_内衣_0281,内衣,all_season,2,9.444621806839852,5.786039361131619,ELIGIBLE,3.658582445708232,True,3.658582445708232,3.777848722735941,3.658582445708232,False,False,False,True,ELIGIBLE: No prior increases,False,-3.658582445708232,True,Overcapacity reduction: -3.7 units (excess: 3.7)
S01087,SPU_棉服_0287,棉服,winter,5,17.45963776625937,10.721677338938168,INELIGIBLE,6.737960427321202,True,6.737960427321202,6.983855106503748,6.737960427321202,False,False,False,True,ELIGIBLE: No prior increases,False,-6.737960427321202,True,Overcapacity reduction: -6.7 units (excess: 6.7)
S01088,SPU_毛呢大_0288,毛呢大衣,winter,1,8.30729313605263,6.927246905501866,INELIGIBLE,1.3800462305507644,True,1.3800462305507644,3.322917254421052,1.3800462305507644,False,False,False,True,ELIGIBLE: No prior increases,False,-1.3800462305507644,True,Overcapacity reduction: -1.4 units (excess: 1.4)
S01092,SPU_短裤_0292,短裤,summer,3,8.36660857754991,6.36776159028143,ELIGIBLE,1.9988469872684798,True,1.9988469872684798,3.346643431019964,1.9988469872684798,False,False,False,True,ELIGIBLE: No prior increases,False,-1.9988469872684798,True,Overcapacity reduction: -2.0 units (excess: 2.0)
S01016,SPU_针织衫_0316,针织衫,transition,4,5.368803746882023,3.742502175259024,INELIGIBLE,1.6263015716229985,True,1.6263015716229985,2.147521498752809,1.6263015716229985,False,False,False,True,ELIGIBLE: No prior increases,False,-1.6263015716229985,True,Overcapacity reduction: -1.6 units (excess: 1.6)
S01017,SPU_T恤_0317,T恤,summer,3,8.787631245325734,5.691586054455818,ELIGIBLE,3.0960451908699165,True,3.0960451908699165,3.5150524981302937,3.0960451908699165,False,False,False,True,ELIGIBLE: No prior increases,False,-3.0960451908699165,True,Overcapacity reduction: -3.1 units (excess: 3.1)
S01020,SPU_内衣_0320,内衣,all_season,4,14.81766821421703,13.117475163254742,ELIGIBLE,1.7001930509622873,True,1.7001930509622873,5.927067285686812,1.7001930509622873,False,False,False,True,ELIGIBLE: No prior increases,False,-1.7001930509622873,True,Overcapacity reduction: -1.7 units (excess: 1.7)
S01022,SPU_直筒裤_0322,直筒裤,core,5,14.577889214961283,9.9459771812459,ELIGIBLE,4.631912033715384,True,4.631912033715384,2.9155778429922568,2.9155778429922568,False,False,False,True,ELIGIBLE: No prior increases,True,-2.9155778429922568,True,Overcapacity reduction: -2.9 units (excess: 4.6)
S01023,SPU_束脚裤_0323,束脚裤,core,3,9.679279857426957,7.911134849445342,ELIGIBLE,1.768145007981615,True,1.768145007981615,1.9358559714853916,1.768145007981615,False,False,False,True,ELIGIBLE: No prior increases,True,-1.768145007981615,True,Overcapacity reduction: -1.8 units (excess: 1.8)
S01035,SPU_直筒裤_0335,直筒裤,core,3,12.207604208867433,8.210999451634093,ELIGIBLE,3.9966047572333405,True,3.9966047572333405,2.441520841773487,2.441520841773487,False,False,False,True,ELIGIBLE: No prior increases,True,-2.441520841773487,True,Overcapacity reduction: -2.4 units (excess: 4.0)
S01036,SPU_束脚裤_0336,束脚裤,core,1,13.563567527662464,10.100882522669657,ELIGIBLE,3.4626850049928066,True,3.4626850049928066,2.712713505532493,2.712713505532493,False,False,False,True,ELIGIBLE: No prior increases,True,-2.712713505532493,True,Overcapacity reduction: -2.7 units (excess: 3.5)
S01039,SPU_棉服_0339,棉服,winter,1,17.367710703452506,12.098840704249533,INELIGIBLE,5.268869999202973,True,5.268869999202973,6.947084281381002,5.268869999202973,False,False,False,True,ELIGIBLE: No prior increases,False,-5.268869999202973,True,Overcapacity reduction: -5.3 units (excess: 5.3)
S01042,SPU_针织衫_0342,针织衫,transition,1,19.043183693655347,14.518311879945431,INELIGIBLE,4.524871813709916,True,4.524871813709916,7.617273477462139,4.524871813709916,False,False,False,True,ELIGIBLE: No prior increases,False,-4.524871813709916,True,Overcapacity reduction: -4.5 units (excess: 4.5)
S01046,SPU_内衣_0346,内衣,all_season,3,5.611311591387091,4.105135482218387,ELIGIBLE,1.5061761091687043,True,1.5061761091687043,2.2445246365548366,1.5061761091687043,False,False,False,True,ELIGIBLE: No prior increases,False,-1.5061761091687043,True,Overcapacity reduction: -1.5 units (excess: 1.5)
S01048,SPU_直筒裤_0348,直筒裤,core,5,14.236130329133642,10.549752397916091,ELIGIBLE,3.6863779312175513,True,3.6863779312175513,2.8472260658267285,2.8472260658267285,False,False,False,True,ELIGIBLE: No prior increases,True,-2.8472260658267285,True,Overcapacity reduction: -2.8 units (excess: 3.7)
S01050,SPU_锥形裤_0350,锥形裤,core,3,7.42508816220204,5.910213550604262,ELIGIBLE,1.5148746115977776,True,1.5148746115977776,1.485017632440408,1.485017632440408,False,False,False,True,ELIGIBLE: No prior increases,True,-1.485017632440408,True,Overcapacity reduction: -1.5 units (excess: 1.5)
S01052,SPU_棉服_0352,棉服,winter,2,11.048920416857477,8.01621204034015,INELIGIBLE,3.032708376517327,True,3.032708376517327,4.419568166742991,3.032708376517327,False,False,False,True,ELIGIBLE: No prior increases,False,-3.032708376517327,True,Overcapacity reduction: -3.0 units (excess: 3.0)
S01053,SPU_毛呢大_0353,毛呢大衣,winter,1,17.606786094154003,15.638948952528759,INELIGIBLE,1.9678371416252443,True,1.9678371416252443,7.042714437661601,1.9678371416252443,False,False,False,True,ELIGIBLE: No prior increases,False,-1.9678371416252443,True,Overcapacity reduction: -2.0 units (excess: 2.0)
S01058,SPU_短袖_0358,短袖,summer,2,19.881999745110086,14.071392051150063,ELIGIBLE,5.810607693960023,True,5.810607693960023,7.952799898044034,5.810607693960023,False,False,False,True,ELIGIBLE: No prior increases,False,-5.810607693960023,True,Overcapacity reduction: -5.8 units (excess: 5.8)
S01077,SPU_羽绒服_0377,羽绒服,winter,3,5.2606968527821945,4.69216978988625,INELIGIBLE,0.568527062895944,True,0.568527062895944,2.104278741112878,0.568527062895944,False,False,False,True,ELIGIBLE: No prior increases,False,-0.568527062895944,True,Overcapacity reduction: -0.6 units (excess: 0.6)
S01081,SPU_针织衫_0381,针织衫,transition,5,19.450202492305984,15.530786452437333,INELIGIBLE,3.9194160398686506,True,3.9194160398686506,7.780080996922393,3.9194160398686506,False,False,False,True,ELIGIBLE: No prior increases,False,-3.9194160398686506,True,Overcapacity reduction: -3.9 units (excess: 3.9)
S01093,SPU_夹克_0393,夹克,transition,1,11.666291791268023,9.054425029217331,INELIGIBLE,2.611866762050692,True,2.611866762050692,4.66651671650721,2.611866762050692,False,False,False,True,ELIGIBLE: No prior increases,False,-2.611866762050692,True,Overcapacity reduction: -2.6 units (excess: 2.6)
S01095,SPU_T恤_0395,T恤,summer,2,12.187728164445964,8.560347626612172,ELIGIBLE,3.627380537833792,True,3.627380537833792,4.875091265778386,3.627380537833792,False,False,False,True,ELIGIBLE: No prior increases,False,-3.627380537833792,True,Overcapacity reduction: -3.6 units (excess: 3.6)
S01000,SPU_直筒裤_0400,直筒裤,core,1,14.820396221470222,9.768808414634513,ELIGIBLE,5.051587806835709,True,5.051587806835709,2.9640792442940445,2.9640792442940445,False,False,False,True,ELIGIBLE: No prior increases,True,-2.9640792442940445,True,Overcapacity reduction: -3.0 units (excess: 5.1)
S01001,SPU_束脚裤_0401,束脚裤,core,5,10.274340308594516,7.662207725221447,ELIGIBLE,2.612132583373069,True,2.612132583373069,2.0548680617189032,2.0548680617189032,False,False,False,True,ELIGIBLE: No prior increases,True,-2.0548680617189032,True,Overcapacity reduction: -2.1 units (excess: 2.6)
S01003,SPU_羽绒服_0403,羽绒服,winter,3,13.713980798941966,11.18088149594055,INELIGIBLE,2.533099303001416,True,2.533099303001416,5.485592319576787,2.533099303001416,False,False,False,True,ELIGIBLE: No prior increases,False,-2.533099303001416,True,Overcapacity reduction: -2.5 units (excess: 2.5)
S01006,SPU_夹克_0406,夹克,transition,1,13.509683294433554,12.008461112707604,INELIGIBLE,1.5012221817259501,True,1.5012221817259501,5.403873317773422,1.5012221817259501,False,False,False,True,ELIGIBLE: No prior increases,False,-1.5012221817259501,True,Overcapacity reduction: -1.5 units (excess: 1.5)
S01010,SPU_短袖_0410,短袖,summer,2,7.621601642410657,6.644263325075074,ELIGIBLE,0.9773383173355832,True,0.9773383173355832,3.0486406569642632,0.9773383173355832,False,False,False,True,ELIGIBLE: No prior increases,False,-0.9773383173355832,True,Overcapacity reduction: -1.0 units (excess: 1.0)
S01015,SPU_锥形裤_0415,锥形裤,core,1,7.676689478416582,5.136272188634737,ELIGIBLE,2.5404172897818444,True,2.5404172897818444,1.5353378956833164,1.5353378956833164,False,False,False,True,ELIGIBLE: No prior increases,True,-1.5353378956833164,True,Overcapacity reduction: -1.5 units (excess: 2.5)
S01016,SPU_羽绒服_0416,羽绒服,winter,3,8.479206441739631,6.599730136275488,INELIGIBLE,1.8794763054641432,True,1.8794763054641432,3.3916825766958527,1.8794763054641432,False,False,False,True,ELIGIBLE: No prior increases,False,-1.8794763054641432,True,Overcapacity reduction: -1.9 units (excess: 1.9)
S01017,SPU_棉服_0417,棉服,winter,1,19.816782803223308,16.022728275255393,INELIGIBLE,3.7940545279679156,True,3.7940545279679156,7.926713121289324,3.7940545279679156,False,False,False,True,ELIGIBLE: No prior increases,False,-3.7940545279679156,True,Overcapacity reduction: -3.8 units (excess: 3.8)
S01019,SPU_夹克_0419,夹克,transition,3,19.868839905532823,12.541865330190241,INELIGIBLE,7.326974575342582,True,7.326974575342582,7.94753596221313,7.326974575342582,False,False,False,True,ELIGIBLE: No prior increases,False,-7.326974575342582,True,Overcapacity reduction: -7.3 units (excess: 7.3)
S01025,SPU_配饰_0425,配饰,all_season,4,9.865006296730634,7.900351686621129,ELIGIBLE,1.9646546101095046,True,1.9646546101095046,3.9460025186922536,1.9646546101095046,False,False,False,True,ELIGIBLE: No prior increases,False,-1.9646546101095046,True,Overcapacity reduction: -2.0 units (excess: 2.0)
S01033,SPU_针织衫_0433,针织衫,transition,5,6.393937165690849,5.347701041173599,INELIGIBLE,1.0462361245172502,True,1.0462361245172502,2.55757486627634,1.0462361245172502,False,False,False,True,ELIGIBLE: No prior increases,False,-1.0462361245172502,True,Overcapacity reduction: -1.0 units (excess: 1.0)
S01035,SPU_短裤_0435,短裤,summer,5,5.542405707871431,3.7629264075088313,ELIGIBLE,1.7794793003626,True,1.7794793003626,2.2169622831485727,1.7794793003626,False,False,False,True,ELIGIBLE: No prior increases,False,-1.7794793003626,True,Overcapacity reduction: -1.8 units (excess: 1.8)
S01036,SPU_短袖_0436,短袖,summer,2,10.713642882664809,7.196531767106377,ELIGIBLE,3.517111115558432,True,3.517111115558432,4.285457153065924,3.517111115558432,False,False,False,True,ELIGIBLE: No prior increases,False,-3.517111115558432,True,Overcapacity reduction: -3.5 units (excess: 3.5)
S01037,SPU_内衣_0437,内衣,all_season,1,9.582864659870353,7.03536322228462,ELIGIBLE,2.5475014375857326,True,2.5475014375857326,3.8331458639481415,2.5475014375857326,False,False,False,True,ELIGIBLE: No prior increases,False,-2.5475014375857326,True,Overcapacity reduction: -2.5 units (excess: 2.5)
S01039,SPU_直筒裤_0439,直筒裤,core,4,17.771374366176435,15.624211402548665,ELIGIBLE,2.1471629636277694,True,2.1471629636277694,3.554274873235287,2.1471629636277694,False,False,False,True,ELIGIBLE: No prior increases,True,-2.1471629636277694,True,Overcapacity reduction: -2.1 units (excess: 2.1)
S01042,SPU_羽绒服_0442,羽绒服,winter,4,17.28102506111405,10.487303665615556,INELIGIBLE,6.793721395498494,True,6.793721395498494,6.91241002444562,6.793721395498494,False,False,False,True,ELIGIBLE: No prior increases,False,-6.793721395498494,True,Overcapacity reduction: -6.8 units (excess: 6.8)
S01043,SPU_棉服_0443,棉服,winter,3,15.424266333536925,13.768981272855791,INELIGIBLE,1.655285060681134,True,1.655285060681134,6.169706533414771,1.655285060681134,False,False,False,True,ELIGIBLE: No prior increases,False,-1.655285060681134,True,Overcapacity reduction: -1.7 units (excess: 1.7)
S01044,SPU_毛呢大_0444,毛呢大衣,winter,2,17.337208454515416,14.885802503700743,INELIGIBLE,2.4514059508146726,True,2.4514059508146726,6.934883381806166,2.4514059508146726,False,False,False,True,ELIGIBLE: No prior increases,False,-2.4514059508146726,True,Overcapacity reduction: -2.5 units (excess: 2.5)
S01045,SPU_夹克_0445,夹克,transition,4,14.095564166500633,12.255789821643264,INELIGIBLE,1.8397743448573696,True,1.8397743448573696,5.6382256666002535,1.8397743448573696,False,False,False,True,ELIGIBLE: No prior increases,False,-1.8397743448573696,True,Overcapacity reduction: -1.8 units (excess: 1.8)
S01047,SPU_T恤_0447,T恤,summer,5,10.513016334372972,6.389218100438165,ELIGIBLE,4.123798233934807,True,4.123798233934807,4.205206533749189,4.123798233934807,False,False,False,True,ELIGIBLE: No prior increases,False,-4.123798233934807,True,Overcapacity reduction: -4.1 units (excess: 4.1)
S01054,SPU_锥形裤_0454,锥形裤,core,3,7.559971378249976,6.31113072671859,ELIGIBLE,1.2488406515313866,True,1.2488406515313866,1.5119942756499953,1.2488406515313866,False,False,False,True,ELIGIBLE: No prior increases,True,-1.2488406515313866,True,Overcapacity reduction: -1.2 units (excess: 1.2)
S01064,SPU_配饰_0464,配饰,all_season,5,5.639498139305491,3.83347898073157,ELIGIBLE,1.8060191585739211,True,1.8060191585739211,2.2557992557221964,1.8060191585739211,False,False,False,True,ELIGIBLE: No prior increases,False,-1.8060191585739211,True,Overcapacity reduction: -1.8 units (excess: 1.8)
S01072,SPU_针织衫_0472,针织衫,transition,1,14.209003771400926,10.735220724523725,INELIGIBLE,3.4737830468772017,True,3.4737830468772017,5.683601508560371,3.4737830468772017,False,False,False,True,ELIGIBLE: No prior increases,False,-3.4737830468772017,True,Overcapacity reduction: -3.5 units (excess: 3.5)
S01075,SPU_短袖_0475,短袖,summer,3,6.068850916478879,5.382769866192266,ELIGIBLE,0.6860810502866128,True,0.6860810502866128,2.427540366591552,0.6860810502866128,False,False,False,True,ELIGIBLE: No prior increases,False,-0.6860810502866128,True,Overcapacity reduction: -0.7 units (excess: 0.7)
S01085,SPU_针织衫_0485,针织衫,transition,2,6.921436195493,6.079963227475089,INELIGIBLE,0.8414729680179116,True,0.8414729680179116,2.7685744781972,0.8414729680179116,False,False,False,True,ELIGIBLE: No prior increases,False,-0.8414729680179116,True,Overcapacity reduction: -0.8 units (excess: 0.8)
S01093,SPU_锥形裤_0493,锥形裤,core,1,19.060820997456783,12.378944308578358,ELIGIBLE,6.681876688878425,True,6.681876688878425,3.812164199491357,3.812164199491357,False,False,False,True,ELIGIBLE: No prior increases,True,-3.812164199491357,True,Overcapacity reduction: -3.8 units (excess: 6.7)
S01094,SPU_羽绒服_0494,羽绒服,winter,5,15.279470241738101,13.591683497316604,INELIGIBLE,1.6877867444214978,True,1.6877867444214978,6.111788096695241,1.6877867444214978,False,False,False,True,ELIGIBLE: No prior increases,False,-1.6877867444214978,True,Overcapacity reduction: -1.7 units (excess: 1.7)
S01095,SPU_棉服_0495,棉服,winter,3,7.260141615648161,5.256523559825504,INELIGIBLE,2.003618055822657,True,2.003618055822657,2.9040566462592645,2.003618055822657,False,False,False,True,ELIGIBLE: No prior increases,False,-2.003618055822657,True,Overcapacity reduction: -2.0 units (excess: 2.0)
S01097,SPU_夹克_0497,夹克,transition,3,7.2735405738151035,5.623551241492199,INELIGIBLE,1.649989332322905,True,1.649989332322905,2.9094162295260415,1.649989332322905,False,False,False,True,ELIGIBLE: No prior increases,False,-1.649989332322905,True,Overcapacity reduction: -1.6 units (excess: 1.6)
S01098,SPU_针织衫_0498,针织衫,transition,1,16.41682305564737,12.123286049656775,INELIGIBLE,4.293537005990595,True,4.293537005990595,6.566729222258949,4.293537005990595,False,False,False,True,ELIGIBLE: No prior increases,False,-4.293537005990595,True,Overcapacity reduction: -4.3 units (excess: 4.3)
S01003,SPU_配饰_0503,配饰,all_season,2,16.414861400421408,13.521251845796389,ELIGIBLE,2.8936095546250193,True,2.8936095546250193,6.565944560168564,2.8936095546250193,False,False,False,True,ELIGIBLE: No prior increases,False,-2.8936095546250193,True,Overcapacity reduction: -2.9 units (excess: 2.9)
S01004,SPU_直筒裤_0504,直筒裤,core,1,19.371102201790702,13.522569046998887,ELIGIBLE,5.848533154791815,True,5.848533154791815,3.8742204403581404,3.8742204403581404,False,False,False,True,ELIGIBLE: No prior increases,True,-3.8742204403581404,True,Overcapacity reduction: -3.9 units (excess: 5.8)
S01008,SPU_棉服_0508,棉服,winter,5,5.436070705159306,3.557341750860669,INELIGIBLE,1.8787289542986372,True,1.8787289542986372,2.1744282820637224,1.8787289542986372,False,False,False,True,ELIGIBLE: No prior increases,False,-1.8787289542986372,True,Overcapacity reduction: -1.9 units (excess: 1.9)
S01018,SPU_束脚裤_0518,束脚裤,core,4,12.442495761698291,10.02583188190068,ELIGIBLE,2.4166638797976105,True,2.4166638797976105,2.4884991523396582,2.4166638797976105,False,False,False,True,ELIGIBLE: No prior increases,True,-2.4166638797976105,True,Overcapacity reduction: -2.4 units (excess: 2.4)
S01025,SPU_T恤_0525,T恤,summer,4,7.002199586239157,5.730472645973169,ELIGIBLE,1.2717269402659879,True,1.2717269402659879,2.800879834495663,1.2717269402659879,False,False,False,True,ELIGIBLE: No prior increases,False,-1.2717269402659879,True,Overcapacity reduction: -1.3 units (excess: 1.3)
S01029,SPU_配饰_0529,配饰,all_season,4,5.668923625594423,3.870264612134293,ELIGIBLE,1.7986590134601297,True,1.7986590134601297,2.2675694502377692,1.7986590134601297,False,False,False,True,ELIGIBLE: No prior increases,False,-1.7986590134601297,True,Overcapacity reduction: -1.8 units (excess: 1.8)
S01033,SPU_羽绒服_0533,羽绒服,winter,1,10.188806712525414,8.47257678200542,INELIGIBLE,1.7162299305199937,True,1.7162299305199937,4.075522685010166,1.7162299305199937,False,False,False,True,ELIGIBLE: No prior increases,False,-1.7162299305199937,True,Overcapacity reduction: -1.7 units (excess: 1.7)
S01037,SPU_针织衫_0537,针织衫,transition,2,7.867860521971835,5.449355910033584,INELIGIBLE,2.4185046119382507,True,2.4185046119382507,3.1471442087887342,2.4185046119382507,False,False,False,True,ELIGIBLE: No prior increases,False,-2.4185046119382507,True,Overcapacity reduction: -2.4 units (excess: 2.4)
S01047,SPU_棉服_0547,棉服,winter,5,7.470595301484439,6.178372453727301,INELIGIBLE,1.292222847757138,True,1.292222847757138,2.988238120593776,1.292222847757138,False,False,False,True,ELIGIBLE: No prior increases,False,-1.292222847757138,True,Overcapacity reduction: -1.3 units (excess: 1.3)
S01048,SPU_毛呢大_0548,毛呢大衣,winter,5,14.894440495921133,10.078293423275712,INELIGIBLE,4.816147072645421,True,4.816147072645421,5.957776198368453,4.816147072645421,False,False,False,True,ELIGIBLE: No prior increases,False,-4.816147072645421,True,Overcapacity reduction: -4.8 units (excess: 4.8)
S01052,SPU_短裤_0552,短裤,summer,1,10.960720857279748,8.026773155719276,ELIGIBLE,2.933947701560472,True,2.933947701560472,4.3842883429118995,2.933947701560472,False,False,False,True,ELIGIBLE: No prior increases,False,-2.933947701560472,True,Overcapacity reduction: -2.9 units (excess: 2.9)
S01054,SPU_内衣_0554,内衣,all_season,4,16.36222827184126,11.350555154771369,ELIGIBLE,5.011673117069892,True,5.011673117069892,6.544891308736505,5.011673117069892,False,False,False,True,ELIGIBLE: No prior increases,False,-5.011673117069892,True,Overcapacity reduction: -5.0 units (excess: 5.0)
S01058,SPU_锥形裤_0558,锥形裤,core,1,13.97168944053527,9.907435881546354,ELIGIBLE,4.064253558988916,True,4.064253558988916,2.794337888107054,2.794337888107054,False,False,False,True,ELIGIBLE: No prior increases,True,-2.794337888107054,True,Overcapacity reduction: -2.8 units (excess: 4.1)
S01059,SPU_羽绒服_0559,羽绒服,winter,4,17.3056626117346,14.52945328779785,INELIGIBLE,2.776209323936751,True,2.776209323936751,6.922265044693841,2.776209323936751,False,False,False,True,ELIGIBLE: No prior increases,False,-2.776209323936751,True,Overcapacity reduction: -2.8 units (excess: 2.8)
S01063,SPU_针织衫_0563,针织衫,transition,3,7.4335010867371905,5.708383996832285,INELIGIBLE,1.7251170899049058,True,1.7251170899049058,2.9734004346948764,1.7251170899049058,False,False,False,True,ELIGIBLE: No prior increases,False,-1.7251170899049058,True,Overcapacity reduction: -1.7 units (excess: 1.7)
S01065,SPU_短裤_0565,短裤,summer,5,19.6018608496426,13.504641940602513,ELIGIBLE,6.097218909040086,True,6.097218909040086,7.840744339857039,6.097218909040086,False,False,False,True,ELIGIBLE: No prior increases,False,-6.097218909040086,True,Overcapacity reduction: -6.1 units (excess: 6.1)
S01069,SPU_直筒裤_0569,直筒裤,core,5,6.694148126167604,5.4605721597325205,ELIGIBLE,1.2335759664350832,True,1.2335759664350832,1.3388296252335208,1.2335759664350832,False,False,False,True,ELIGIBLE: No prior increases,True,-1.2335759664350832,True,Overcapacity reduction: -1.2 units (excess: 1.2)
S01074,SPU_毛呢大_0574,毛呢大衣,winter,3,15.294907950291462,9.979383415321172,INELIGIBLE,5.31552453497029,True,5.31552453497029,6.117963180116585,5.31552453497029,False,False,False,True,ELIGIBLE: No prior increases,False,-5.31552453497029,True,Overcapacity reduction: -5.3 units (excess: 5.3)
S01077,SPU_T恤_0577,T恤,summer,5,5.497840318436394,4.37599960834743,ELIGIBLE,1.1218407100889634,True,1.1218407100889634,2.1991361273745578,1.1218407100889634,False,False,False,True,ELIGIBLE: No prior increases,False,-1.1218407100889634,True,Overcapacity reduction: -1.1 units (excess: 1.1)
S01081,SPU_配饰_0581,配饰,all_season,4,10.724179098008001,7.762464741288269,ELIGIBLE,2.9617143567197326,True,2.9617143567197326,4.289671639203201,2.9617143567197326,False,False,False,True,ELIGIBLE: No prior increases,False,-2.9617143567197326,True,Overcapacity reduction: -3.0 units (excess: 3.0)
S01083,SPU_束脚裤_0583,束脚裤,core,2,19.493651160601974,15.834819505536984,ELIGIBLE,3.65883165506499,True,3.65883165506499,3.898730232120395,3.65883165506499,False,False,False,True,ELIGIBLE: No prior increases,True,-3.65883165506499,True,Overcapacity reduction: -3.7 units (excess: 3.7)
S01087,SPU_毛呢大_0587,毛呢大衣,winter,5,13.110477149673654,8.81768934221457,INELIGIBLE,4.292787807459085,True,4.292787807459085,5.244190859869462,4.292787807459085,False,False,False,True,ELIGIBLE: No prior increases,False,-4.292787807459085,True,Overcapacity reduction: -4.3 units (excess: 4.3)
S01088,SPU_夹克_0588,夹克,transition,1,12.031519481967587,9.378656608033433,INELIGIBLE,2.652862873934154,True,2.652862873934154,4.812607792787035,2.652862873934154,False,False,False,True,ELIGIBLE: No prior increases,False,-2.652862873934154,True,Overcapacity reduction: -2.7 units (excess: 2.7)
S01094,SPU_配饰_0594,配饰,all_season,5,13.984677622658158,8.784575734832687,ELIGIBLE,5.20010188782547,True,5.20010188782547,5.593871049063264,5.20010188782547,False,False,False,True,ELIGIBLE: No prior increases,False,-5.20010188782547,True,Overcapacity reduction: -5.2 units (excess: 5.2)
S01000,SPU_毛呢大_0600,毛呢大衣,winter,4,6.563372042125215,4.8982453464913185,INELIGIBLE,1.6651266956338961,True,1.6651266956338961,2.625348816850086,1.6651266956338961,False,False,False,True,ELIGIBLE: No prior increases,False,-1.6651266956338961,True,Overcapacity reduction: -1.7 units (excess: 1.7)
S01007,SPU_配饰_0607,配饰,all_season,1,8.286032136527867,5.2401507430065895,ELIGIBLE,3.0458813935212774,True,3.0458813935212774,3.314412854611147,3.0458813935212774,False,False,False,True,ELIGIBLE: No prior increases,False,-3.0458813935212774,True,Overcapacity reduction: -3.0 units (excess: 3.0)
S01016,SPU_T恤_0616,T恤,summer,1,14.546020552751106,9.851760308104085,ELIGIBLE,4.694260244647021,True,4.694260244647021,5.818408221100443,4.694260244647021,False,False,False,True,ELIGIBLE: No prior increases,False,-4.694260244647021,True,Overcapacity reduction: -4.7 units (excess: 4.7)
S01018,SPU_短袖_0618,短袖,summer,1,11.843547634333131,7.536138188057351,ELIGIBLE,4.30740944627578,True,4.30740944627578,4.737419053733253,4.30740944627578,False,False,False,True,ELIGIBLE: No prior increases,False,-4.30740944627578,True,Overcapacity reduction: -4.3 units (excess: 4.3)
S01023,SPU_锥形裤_0623,锥形裤,core,3,15.859595831991408,13.809520912434063,ELIGIBLE,2.0500749195573444,True,2.0500749195573444,3.1719191663982818,2.0500749195573444,False,False,False,True,ELIGIBLE: No prior increases,True,-2.0500749195573444,True,Overcapacity reduction: -2.1 units (excess: 2.1)
S01024,SPU_羽绒服_0624,羽绒服,winter,3,13.009512088216457,7.851396441074597,INELIGIBLE,5.1581156471418605,True,5.1581156471418605,5.203804835286583,5.1581156471418605,False,False,False,True,ELIGIBLE: No prior increases,False,-5.1581156471418605,True,Overcapacity reduction: -5.2 units (excess: 5.2)
S01031,SPU_短袖_0631,短袖,summer,3,13.732981198911707,10.71615078889276,ELIGIBLE,3.0168304100189474,True,3.0168304100189474,5.493192479564684,3.0168304100189474,False,False,False,True,ELIGIBLE: No prior increases,False,-3.0168304100189474,True,Overcapacity reduction: -3.0 units (excess: 3.0)
S01033,SPU_配饰_0633,配饰,all_season,4,11.457940076933113,9.934367593697438,ELIGIBLE,1.5235724832356752,True,1.5235724832356752,4.583176030773245,1.5235724832356752,False,False,False,True,ELIGIBLE: No prior increases,False,-1.5235724832356752,True,Overcapacity reduction: -1.5 units (excess: 1.5)
S01039,SPU_毛呢大_0639,毛呢大衣,winter,3,12.97869059786395,8.173858128286332,INELIGIBLE,4.804832469577619,True,4.804832469577619,5.19147623914558,4.804832469577619,False,False,False,True,ELIGIBLE: No prior increases,False,-4.804832469577619,True,Overcapacity reduction: -4.8 units (excess: 4.8)
S01040,SPU_夹克_0640,夹克,transition,3,10.819801399203042,6.567680352879634,INELIGIBLE,4.252121046323408,True,4.252121046323408,4.327920559681217,4.252121046323408,False,False,False,True,ELIGIBLE: No prior increases,False,-4.252121046323408,True,Overcapacity reduction: -4.3 units (excess: 4.3)
S01044,SPU_短袖_0644,短袖,summer,3,19.417032281113894,13.895868498377492,ELIGIBLE,5.5211637827364015,True,5.5211637827364015,7.766812912445558,5.5211637827364015,False,False,False,True,ELIGIBLE: No prior increases,False,-5.5211637827364015,True,Overcapacity reduction: -5.5 units (excess: 5.5)
S01056,SPU_短裤_0656,短裤,summer,5,16.91315993824108,14.598207946070277,ELIGIBLE,2.314951992170803,True,2.314951992170803,6.765263975296432,2.314951992170803,False,False,False,True,ELIGIBLE: No prior increases,False,-2.314951992170803,True,Overcapacity reduction: -2.3 units (excess: 2.3)
S01064,SPU_棉服_0664,棉服,winter,3,9.678486200064206,5.896492041259904,INELIGIBLE,3.7819941588043022,True,3.7819941588043022,3.8713944800256828,3.7819941588043022,False,False,False,True,ELIGIBLE: No prior increases,False,-3.7819941588043022,True,Overcapacity reduction: -3.8 units (excess: 3.8)
S01065,SPU_毛呢大_0665,毛呢大衣,winter,5,18.895739100951303,14.040536391368645,INELIGIBLE,4.855202709582658,True,4.855202709582658,7.558295640380521,4.855202709582658,False,False,False,True,ELIGIBLE: No prior increases,False,-4.855202709582658,True,Overcapacity reduction: -4.9 units (excess: 4.9)
S01073,SPU_直筒裤_0673,直筒裤,core,1,15.847242296969442,12.776393940865393,ELIGIBLE,3.070848356104049,True,3.070848356104049,3.1694484593938888,3.070848356104049,False,False,False,True,ELIGIBLE: No prior increases,True,-3.070848356104049,True,Overcapacity reduction: -3.1 units (excess: 3.1)
S01074,SPU_束脚裤_0674,束脚裤,core,3,10.232308009542189,8.620418289616726,ELIGIBLE,1.611889719925463,True,1.611889719925463,2.046461601908438,1.611889719925463,False,False,False,True,ELIGIBLE: No prior increases,True,-1.611889719925463,True,Overcapacity reduction: -1.6 units (excess: 1.6)
S01075,SPU_锥形裤_0675,锥形裤,core,5,15.466344141101443,9.748163885721292,ELIGIBLE,5.718180255380151,True,5.718180255380151,3.093268828220289,3.093268828220289,False,False,False,True,ELIGIBLE: No prior increases,True,-3.093268828220289,True,Overcapacity reduction: -3.1 units (excess: 5.7)
S01086,SPU_直筒裤_0686,直筒裤,core,4,11.036699561505033,7.2479314688032614,ELIGIBLE,3.7887680927017717,True,3.7887680927017717,2.207339912301007,2.207339912301007,False,False,False,True,ELIGIBLE: No prior increases,True,-2.207339912301007,True,Overcapacity reduction: -2.2 units (excess: 3.8)
S01087,SPU_束脚裤_0687,束脚裤,core,5,5.702778627914046,4.6311862976784886,ELIGIBLE,1.0715923302355579,True,1.0715923302355579,1.1405557255828094,1.0715923302355579,False,False,False,True,ELIGIBLE: No prior increases,True,-1.0715923302355579,True,Overcapacity reduction: -1.1 units (excess: 1.1)
S01090,SPU_棉服_0690,棉服,winter,1,17.640678532408323,14.759598354958648,INELIGIBLE,2.8810801774496753,True,2.8810801774496753,7.05627141296333,2.8810801774496753,False,False,False,True,ELIGIBLE: No prior increases,False,-2.8810801774496753,True,Overcapacity reduction: -2.9 units (excess: 2.9)
S01092,SPU_夹克_0692,夹克,transition,4,15.127100917245022,9.268186017884508,INELIGIBLE,5.858914899360514,True,5.858914899360514,6.050840366898009,5.858914899360514,False,False,False,True,ELIGIBLE: No prior increases,False,-5.858914899360514,True,Overcapacity reduction: -5.9 units (excess: 5.9)
S01094,SPU_T恤_0694,T恤,summer,2,7.086737733366313,6.113398173578662,ELIGIBLE,0.9733395597876511,True,0.9733395597876511,2.834695093346525,0.9733395597876511,False,False,False,True,ELIGIBLE: No prior increases,False,-0.9733395597876511,True,Overcapacity reduction: -1.0 units (excess: 1.0)
S01096,SPU_短袖_0696,短袖,summer,1,9.470783129591647,7.903815154338802,ELIGIBLE,1.5669679752528447,True,1.5669679752528447,3.7883132518366587,1.5669679752528447,False,False,False,True,ELIGIBLE: No prior increases,False,-1.5669679752528447,True,Overcapacity reduction: -1.6 units (excess: 1.6)
S01097,SPU_内衣_0697,内衣,all_season,4,19.99199372323446,14.985423522232514,ELIGIBLE,5.0065702010019475,True,5.0065702010019475,7.996797489293785,5.0065702010019475,False,False,False,True,ELIGIBLE: No prior increases,False,-5.0065702010019475,True,Overcapacity reduction: -5.0 units (excess: 5.0)
S01004,SPU_毛呢大_0704,毛呢大衣,winter,4,19.618877170029947,15.786489687065831,INELIGIBLE,3.8323874829641156,True,3.8323874829641156,7.847550868011979,3.8323874829641156,False,False,False,True,ELIGIBLE: No prior increases,False,-3.8323874829641156,True,Overcapacity reduction: -3.8 units (excess: 3.8)
S01005,SPU_夹克_0705,夹克,transition,1,18.353225039542615,13.03695272362931,INELIGIBLE,5.316272315913304,True,5.316272315913304,7.341290015817046,5.316272315913304,False,False,False,True,ELIGIBLE: No prior increases,False,-5.316272315913304,True,Overcapacity reduction: -5.3 units (excess: 5.3)
S01007,SPU_T恤_0707,T恤,summer,5,15.320666657540208,13.379853963689124,ELIGIBLE,1.9408126938510843,True,1.9408126938510843,6.128266663016084,1.9408126938510843,False,False,False,True,ELIGIBLE: No prior increases,False,-1.9408126938510843,True,Overcapacity reduction: -1.9 units (excess: 1.9)
S01008,SPU_短裤_0708,短裤,summer,2,5.289914463764015,3.8303889889230467,ELIGIBLE,1.4595254748409685,True,1.4595254748409685,2.115965785505606,1.4595254748409685,False,False,False,True,ELIGIBLE: No prior increases,False,-1.4595254748409685,True,Overcapacity reduction: -1.5 units (excess: 1.5)
S01009,SPU_短袖_0709,短袖,summer,1,16.04300637591143,13.986610059865514,ELIGIBLE,2.056396316045914,True,2.056396316045914,6.417202550364571,2.056396316045914,False,False,False,True,ELIGIBLE: No prior increases,False,-2.056396316045914,True,Overcapacity reduction: -2.1 units (excess: 2.1)
S01013,SPU_束脚裤_0713,束脚裤,core,5,6.14577417487184,4.365466897227919,ELIGIBLE,1.7803072776439208,True,1.7803072776439208,1.2291548349743682,1.2291548349743682,False,False,False,True,ELIGIBLE: No prior increases,True,-1.2291548349743682,True,Overcapacity reduction: -1.2 units (excess: 1.8)
S01015,SPU_羽绒服_0715,羽绒服,winter,1,16.08539836681938,12.748610960261235,INELIGIBLE,3.3367874065581447,True,3.3367874065581447,6.4341593467277525,3.3367874065581447,False,False,False,True,ELIGIBLE: No prior increases,False,-3.3367874065581447,True,Overcapacity reduction: -3.3 units (excess: 3.3)
S01016,SPU_棉服_0716,棉服,winter,4,5.020304385732023,3.9858085281911255,INELIGIBLE,1.0344958575408971,True,1.0344958575408971,2.008121754292809,1.0344958575408971,False,False,False,True,ELIGIBLE: No prior increases,False,-1.0344958575408971,True,Overcapacity reduction: -1.0 units (excess: 1.0)
S01017,SPU_毛呢大_0717,毛呢大衣,winter,4,17.705912404758493,15.396498049876955,INELIGIBLE,2.309414354881538,True,2.309414354881538,7.082364961903398,2.309414354881538,False,False,False,True,ELIGIBLE: No prior increases,False,-2.309414354881538,True,Overcapacity reduction: -2.3 units (excess: 2.3)
S01018,SPU_夹克_0718,夹克,transition,1,14.092198474002195,9.330845891371764,INELIGIBLE,4.7613525826304315,True,4.7613525826304315,5.636879389600878,4.7613525826304315,False,False,False,True,ELIGIBLE: No prior increases,False,-4.7613525826304315,True,Overcapacity reduction: -4.8 units (excess: 4.8)
S01019,SPU_针织衫_0719,针织衫,transition,3,9.543735932497889,6.379706971391193,INELIGIBLE,3.1640289611066956,True,3.1640289611066956,3.8174943729991555,3.1640289611066956,False,False,False,True,ELIGIBLE: No prior increases,False,-3.1640289611066956,True,Overcapacity reduction: -3.2 units (excess: 3.2)
S01027,SPU_锥形裤_0727,锥形裤,core,4,13.082195135594286,10.55733044345189,ELIGIBLE,2.524864692142396,True,2.524864692142396,2.6164390271188576,2.524864692142396,False,False,False,True,ELIGIBLE: No prior increases,True,-2.524864692142396,True,Overcapacity reduction: -2.5 units (excess: 2.5)
S01028,SPU_羽绒服_0728,羽绒服,winter,2,7.209545664184555,5.6903252356666,INELIGIBLE,1.5192204285179551,True,1.5192204285179551,2.8838182656738223,1.5192204285179551,False,False,False,True,ELIGIBLE: No prior increases,False,-1.5192204285179551,True,Overcapacity reduction: -1.5 units (excess: 1.5)
S01038,SPU_直筒裤_0738,直筒裤,core,2,19.717667551434417,16.519038632620102,ELIGIBLE,3.1986289188143147,True,3.1986289188143147,3.9435335102868834,3.1986289188143147,False,False,False,True,ELIGIBLE: No prior increases,True,-3.1986289188143147,True,Overcapacity reduction: -3.2 units (excess: 3.2)
S01040,SPU_锥形裤_0740,锥形裤,core,2,19.505790221390523,16.702156125114698,ELIGIBLE,2.8036340962758253,True,2.8036340962758253,3.901158044278105,2.8036340962758253,False,False,False,True,ELIGIBLE: No prior increases,True,-2.8036340962758253,True,Overcapacity reduction: -2.8 units (excess: 2.8)
S01043,SPU_毛呢大_0743,毛呢大衣,winter,4,5.181546751641611,3.663917322231532,INELIGIBLE,1.517629429410079,True,1.517629429410079,2.0726187006566446,1.517629429410079,False,False,False,True,ELIGIBLE: No prior increases,False,-1.517629429410079,True,Overcapacity reduction: -1.5 units (excess: 1.5)
S01047,SPU_短裤_0747,短裤,summer,5,6.777539353972274,4.875429628121084,ELIGIBLE,1.90210972585119,True,1.90210972585119,2.7110157415889096,1.90210972585119,False,False,False,True,ELIGIBLE: No prior increases,False,-1.90210972585119,True,Overcapacity reduction: -1.9 units (excess: 1.9)
S01051,SPU_直筒裤_0751,直筒裤,core,2,19.886634340621683,15.355511961355079,ELIGIBLE,4.531122379266604,True,4.531122379266604,3.9773268681243366,3.9773268681243366,False,False,False,True,ELIGIBLE: No prior increases,True,-3.9773268681243366,True,Overcapacity reduction: -4.0 units (excess: 4.5)
S01053,SPU_锥形裤_0753,锥形裤,core,5,19.615583580188865,16.71139538428105,ELIGIBLE,2.904188195907814,True,2.904188195907814,3.9231167160377733,2.904188195907814,False,False,False,True,ELIGIBLE: No prior increases,True,-2.904188195907814,True,Overcapacity reduction: -2.9 units (excess: 2.9)
S01054,SPU_羽绒服_0754,羽绒服,winter,1,5.5839494498850115,3.64389852531847,INELIGIBLE,1.9400509245665414,True,1.9400509245665414,2.2335797799540047,1.9400509245665414,False,False,False,True,ELIGIBLE: No prior increases,False,-1.9400509245665414,True,Overcapacity reduction: -1.9 units (excess: 1.9)
S01055,SPU_棉服_0755,棉服,winter,2,15.193248907008625,11.082171415352589,INELIGIBLE,4.111077491656037,True,4.111077491656037,6.07729956280345,4.111077491656037,False,False,False,True,ELIGIBLE: No prior increases,False,-4.111077491656037,True,Overcapacity reduction: -4.1 units (excess: 4.1)
S01057,SPU_夹克_0757,夹克,transition,3,9.237440989592784,8.020207601390277,INELIGIBLE,1.2172333882025068,True,1.2172333882025068,3.694976395837114,1.2172333882025068,False,False,False,True,ELIGIBLE: No prior increases,False,-1.2172333882025068,True,Overcapacity reduction: -1.2 units (excess: 1.2)
S01061,SPU_短袖_0761,短袖,summer,1,10.46531357642348,9.040450366471774,ELIGIBLE,1.424863209951706,True,1.424863209951706,4.186125430569392,1.424863209951706,False,False,False,True,ELIGIBLE: No prior increases,False,-1.424863209951706,True,Overcapacity reduction: -1.4 units (excess: 1.4)
S01067,SPU_羽绒服_0767,羽绒服,winter,5,15.846924108238312,10.475981794659624,INELIGIBLE,5.370942313578688,True,5.370942313578688,6.3387696432953256,5.370942313578688,False,False,False,True,ELIGIBLE: No prior increases,False,-5.370942313578688,True,Overcapacity reduction: -5.4 units (excess: 5.4)
S01068,SPU_棉服_0768,棉服,winter,5,9.55913768382541,5.739709150768601,INELIGIBLE,3.8194285330568096,True,3.8194285330568096,3.823655073530164,3.8194285330568096,False,False,False,True,ELIGIBLE: No prior increases,False,-3.8194285330568096,True,Overcapacity reduction: -3.8 units (excess: 3.8)
S01069,SPU_毛呢大_0769,毛呢大衣,winter,4,19.50268249698928,15.580969156872317,INELIGIBLE,3.9217133401169626,True,3.9217133401169626,7.801072998795712,3.9217133401169626,False,False,False,True,ELIGIBLE: No prior increases,False,-3.9217133401169626,True,Overcapacity reduction: -3.9 units (excess: 3.9)
S01076,SPU_配饰_0776,配饰,all_season,1,14.02330818949736,11.419561982936933,ELIGIBLE,2.6037462065604267,True,2.6037462065604267,5.609323275798944,2.6037462065604267,False,False,False,True,ELIGIBLE: No prior increases,False,-2.6037462065604267,True,Overcapacity reduction: -2.6 units (excess: 2.6)
S01079,SPU_锥形裤_0779,锥形裤,core,3,17.052771626524013,10.871782706338898,ELIGIBLE,6.180988920185115,True,6.180988920185115,3.410554325304803,3.410554325304803,False,False,False,True,ELIGIBLE: No prior increases,True,-3.410554325304803,True,Overcapacity reduction: -3.4 units (excess: 6.2)
S01080,SPU_羽绒服_0780,羽绒服,winter,5,17.92536355681018,15.095329944466322,INELIGIBLE,2.8300336123438576,True,2.8300336123438576,7.170145422724072,2.8300336123438576,False,False,False,True,ELIGIBLE: No prior increases,False,-2.8300336123438576,True,Overcapacity reduction: -2.8 units (excess: 2.8)
S01081,SPU_棉服_0781,棉服,winter,5,7.132556700558434,5.702791903704885,INELIGIBLE,1.429764796853549,True,1.429764796853549,2.853022680223374,1.429764796853549,False,False,False,True,ELIGIBLE: No prior increases,False,-1.429764796853549,True,Overcapacity reduction: -1.4 units (excess: 1.4)
S01094,SPU_棉服_0794,棉服,winter,4,7.8037166091269246,5.596861708993077,INELIGIBLE,2.2068549001338473,True,2.2068549001338473,3.12148664365077,2.2068549001338473,False,False,False,True,ELIGIBLE: No prior increases,False,-2.2068549001338473,True,Overcapacity reduction: -2.2 units (excess: 2.2)
S01098,SPU_T恤_0798,T恤,summer,5,6.081666393941528,4.3449389852149345,ELIGIBLE,1.7367274087265931,True,1.7367274087265931,2.4326665575766113,1.7367274087265931,False,False,False,True,ELIGIBLE: No prior increases,False,-1.7367274087265931,True,Overcapacity reduction: -1.7 units (excess: 1.7)
S01002,SPU_配饰_0802,配饰,all_season,5,19.6565634957736,15.024207485611756,ELIGIBLE,4.632356010161844,True,4.632356010161844,7.86262539830944,4.632356010161844,False,False,False,True,ELIGIBLE: No prior increases,False,-4.632356010161844,True,Overcapacity reduction: -4.6 units (excess: 4.6)
S01016,SPU_直筒裤_0816,直筒裤,core,3,19.36371522625726,16.496732883155335,ELIGIBLE,2.866982343101924,True,2.866982343101924,3.872743045251452,2.866982343101924,False,False,False,True,ELIGIBLE: No prior increases,True,-2.866982343101924,True,Overcapacity reduction: -2.9 units (excess: 2.9)
S01017,SPU_束脚裤_0817,束脚裤,core,2,16.091123447469677,12.864826724283525,ELIGIBLE,3.2262967231861523,True,3.2262967231861523,3.2182246894939355,3.2182246894939355,False,False,False,True,ELIGIBLE: No prior increases,True,-3.2182246894939355,True,Overcapacity reduction: -3.2 units (excess: 3.2)
S01023,SPU_针织衫_0823,针织衫,transition,4,5.206183310170179,3.4585818221074973,INELIGIBLE,1.7476014880626813,True,1.7476014880626813,2.0824733240680717,1.7476014880626813,False,False,False,True,ELIGIBLE: No prior increases,False,-1.7476014880626813,True,Overcapacity reduction: -1.7 units (excess: 1.7)
S01026,SPU_短袖_0826,短袖,summer,2,10.58300587737829,9.159478268850526,ELIGIBLE,1.4235276085277633,True,1.4235276085277633,4.2332023509513155,1.4235276085277633,False,False,False,True,ELIGIBLE: No prior increases,False,-1.4235276085277633,True,Overcapacity reduction: -1.4 units (excess: 1.4)
S01027,SPU_内衣_0827,内衣,all_season,3,12.402514882316124,10.368885071691446,ELIGIBLE,2.033629810624678,True,2.033629810624678,4.96100595292645,2.033629810624678,False,False,False,True,ELIGIBLE: No prior increases,False,-2.033629810624678,True,Overcapacity reduction: -2.0 units (excess: 2.0)
S01030,SPU_束脚裤_0830,束脚裤,core,3,13.074979148835702,9.290226072897513,ELIGIBLE,3.7847530759381893,True,3.7847530759381893,2.6149958297671407,2.6149958297671407,False,False,False,True,ELIGIBLE: No prior increases,True,-2.6149958297671407,True,Overcapacity reduction: -2.6 units (excess: 3.8)
S01033,SPU_棉服_0833,棉服,winter,4,13.025382568983993,10.878750124243236,INELIGIBLE,2.1466324447407565,True,2.1466324447407565,5.210153027593598,2.1466324447407565,False,False,False,True,ELIGIBLE: No prior increases,False,-2.1466324447407565,True,Overcapacity reduction: -2.1 units (excess: 2.1)
S01034,SPU_毛呢大_0834,毛呢大衣,winter,2,17.371148560205114,12.73610637402172,INELIGIBLE,4.635042186183394,True,4.635042186183394,6.948459424082046,4.635042186183394,False,False,False,True,ELIGIBLE: No prior increases,False,-4.635042186183394,True,Overcapacity reduction: -4.6 units (excess: 4.6)
S01040,SPU_内衣_0840,内衣,all_season,3,6.65647795116654,4.612553561111069,ELIGIBLE,2.043924390055471,True,2.043924390055471,2.6625911804666162,2.043924390055471,False,False,False,True,ELIGIBLE: No prior increases,False,-2.043924390055471,True,Overcapacity reduction: -2.0 units (excess: 2.0)
S01045,SPU_羽绒服_0845,羽绒服,winter,5,12.5469870882731,10.76086113467563,INELIGIBLE,1.7861259535974696,True,1.7861259535974696,5.01879483530924,1.7861259535974696,False,False,False,True,ELIGIBLE: No prior increases,False,-1.7861259535974696,True,Overcapacity reduction: -1.8 units (excess: 1.8)
S01046,SPU_棉服_0846,棉服,winter,2,18.26564820534457,13.490150089677583,INELIGIBLE,4.775498115666986,True,4.775498115666986,7.306259282137828,4.775498115666986,False,False,False,True,ELIGIBLE: No prior increases,False,-4.775498115666986,True,Overcapacity reduction: -4.8 units (excess: 4.8)
S01047,SPU_毛呢大_0847,毛呢大衣,winter,1,5.1987655025586585,3.8354244457777513,INELIGIBLE,1.3633410567809072,True,1.3633410567809072,2.0795062010234635,1.3633410567809072,False,False,False,True,ELIGIBLE: No prior increases,False,-1.3633410567809072,True,Overcapacity reduction: -1.4 units (excess: 1.4)
S01048,SPU_夹克_0848,夹克,transition,5,15.82893841273519,11.82125594906105,INELIGIBLE,4.007682463674142,True,4.007682463674142,6.331575365094077,4.007682463674142,False,False,False,True,ELIGIBLE: No prior increases,False,-4.007682463674142,True,Overcapacity reduction: -4.0 units (excess: 4.0)
S01049,SPU_针织衫_0849,针织衫,transition,5,7.479267352144362,6.100254138838004,INELIGIBLE,1.379013213306358,True,1.379013213306358,2.991706940857745,1.379013213306358,False,False,False,True,ELIGIBLE: No prior increases,False,-1.379013213306358,True,Overcapacity reduction: -1.4 units (excess: 1.4)
S01052,SPU_短袖_0852,短袖,summer,2,10.314069908258235,6.876476957574183,ELIGIBLE,3.437592950684052,True,3.437592950684052,4.125627963303294,3.437592950684052,False,False,False,True,ELIGIBLE: No prior increases,False,-3.437592950684052,True,Overcapacity reduction: -3.4 units (excess: 3.4)
S01059,SPU_棉服_0859,棉服,winter,5,6.758058585203502,4.344435461114351,INELIGIBLE,2.413623124089151,True,2.413623124089151,2.703223434081401,2.413623124089151,False,False,False,True,ELIGIBLE: No prior increases,False,-2.413623124089151,True,Overcapacity reduction: -2.4 units (excess: 2.4)
S01060,SPU_毛呢大_0860,毛呢大衣,winter,2,12.684271358652277,10.520845736201752,INELIGIBLE,2.163425622450525,True,2.163425622450525,5.073708543460911,2.163425622450525,False,False,False,True,ELIGIBLE: No prior increases,False,-2.163425622450525,True,Overcapacity reduction: -2.2 units (excess: 2.2)
S01068,SPU_直筒裤_0868,直筒裤,core,3,6.135495909646812,5.16032815265208,ELIGIBLE,0.9751677569947317,True,0.9751677569947317,1.2270991819293624,0.9751677569947317,False,False,False,True,ELIGIBLE: No prior increases,True,-0.9751677569947317,True,Overcapacity reduction: -1.0 units (excess: 1.0)
S01069,SPU_束脚裤_0869,束脚裤,core,3,9.213229477793657,5.643984104056482,ELIGIBLE,3.569245373737175,True,3.569245373737175,1.8426458955587315,1.8426458955587315,False,False,False,True,ELIGIBLE: No prior increases,True,-1.8426458955587315,True,Overcapacity reduction: -1.8 units (excess: 3.6)
S01071,SPU_羽绒服_0871,羽绒服,winter,4,14.724770111781433,10.493470163804696,INELIGIBLE,4.231299947976737,True,4.231299947976737,5.889908044712573,4.231299947976737,False,False,False,True,ELIGIBLE: No prior increases,False,-4.231299947976737,True,Overcapacity reduction: -4.2 units (excess: 4.2)
S01072,SPU_棉服_0872,棉服,winter,5,19.83826630936625,17.51250299365644,INELIGIBLE,2.3257633157098105,True,2.3257633157098105,7.935306523746501,2.3257633157098105,False,False,False,True,ELIGIBLE: No prior increases,False,-2.3257633157098105,True,Overcapacity reduction: -2.3 units (excess: 2.3)
S01073,SPU_毛呢大_0873,毛呢大衣,winter,2,9.817432289539303,6.922822857157842,INELIGIBLE,2.8946094323814613,True,2.8946094323814613,3.926972915815721,2.8946094323814613,False,False,False,True,ELIGIBLE: No prior increases,False,-2.8946094323814613,True,Overcapacity reduction: -2.9 units (excess: 2.9)
S01074,SPU_夹克_0874,夹克,transition,3,15.599513952013947,11.088829946690252,INELIGIBLE,4.510684005323695,True,4.510684005323695,6.239805580805579,4.510684005323695,False,False,False,True,ELIGIBLE: No prior increases,False,-4.510684005323695,True,Overcapacity reduction: -4.5 units (excess: 4.5)
S01087,SPU_夹克_0887,夹克,transition,2,15.442342177068879,13.072703712903987,INELIGIBLE,2.3696384641648915,True,2.3696384641648915,6.176936870827552,2.3696384641648915,False,False,False,True,ELIGIBLE: No prior increases,False,-2.3696384641648915,True,Overcapacity reduction: -2.4 units (excess: 2.4)
S01094,SPU_直筒裤_0894,直筒裤,core,1,11.959851971966376,8.665777351722978,ELIGIBLE,3.294074620243398,True,3.294074620243398,2.3919703943932755,2.3919703943932755,False,False,False,True,ELIGIBLE: No prior increases,True,-2.3919703943932755,True,Overcapacity reduction: -2.4 units (excess: 3.3)
S01099,SPU_毛呢大_0899,毛呢大衣,winter,3,19.98338918049936,16.475408596217797,INELIGIBLE,3.5079805842815617,True,3.5079805842815617,7.993355672199744,3.5079805842815617,False,False,False,True,ELIGIBLE: No prior increases,False,-3.5079805842815617,True,Overcapacity reduction: -3.5 units (excess: 3.5)
S01003,SPU_短裤_0903,短裤,summer,5,8.48027270463216,7.032741170686294,ELIGIBLE,1.4475315339458659,True,1.4475315339458659,3.392109081852864,1.4475315339458659,False,False,False,True,ELIGIBLE: No prior increases,False,-1.4475315339458659,True,Overcapacity reduction: -1.4 units (excess: 1.4)
S01012,SPU_毛呢大_0912,毛呢大衣,winter,3,17.492478528036138,15.027655822207784,INELIGIBLE,2.464822705828354,True,2.464822705828354,6.996991411214456,2.464822705828354,False,False,False,True,ELIGIBLE: No prior increases,False,-2.464822705828354,True,Overcapacity reduction: -2.5 units (excess: 2.5)
S01014,SPU_针织衫_0914,针织衫,transition,1,14.729584351532234,9.528007959839243,INELIGIBLE,5.20157639169299,True,5.20157639169299,5.891833740612894,5.20157639169299,False,False,False,True,ELIGIBLE: No prior increases,False,-5.20157639169299,True,Overcapacity reduction: -5.2 units (excess: 5.2)
S01015,SPU_T恤_0915,T恤,summer,4,11.207411979811937,6.866811396597007,ELIGIBLE,4.34060058321493,True,4.34060058321493,4.482964791924775,4.34060058321493,False,False,False,True,ELIGIBLE: No prior increases,False,-4.34060058321493,True,Overcapacity reduction: -4.3 units (excess: 4.3)
S01017,SPU_短袖_0917,短袖,summer,4,15.280930151690086,9.954460194991942,ELIGIBLE,5.326469956698144,True,5.326469956698144,6.112372060676035,5.326469956698144,False,False,False,True,ELIGIBLE: No prior increases,False,-5.326469956698144,True,Overcapacity reduction: -5.3 units (excess: 5.3)
S01025,SPU_毛呢大_0925,毛呢大衣,winter,1,19.95856849855404,17.348182529328195,INELIGIBLE,2.6103859692258453,True,2.6103859692258453,7.9834273994216165,2.6103859692258453,False,False,False,True,ELIGIBLE: No prior increases,False,-2.6103859692258453,True,Overcapacity reduction: -2.6 units (excess: 2.6)
S01030,SPU_短袖_0930,短袖,summer,3,12.03660816571368,7.586595070952499,ELIGIBLE,4.450013094761181,True,4.450013094761181,4.814643266285472,4.450013094761181,False,False,False,True,ELIGIBLE: No prior increases,False,-4.450013094761181,True,Overcapacity reduction: -4.5 units (excess: 4.5)
S01033,SPU_直筒裤_0933,直筒裤,core,3,9.893808770617202,6.62639620984839,ELIGIBLE,3.267412560768812,True,3.267412560768812,1.9787617541234406,1.9787617541234406,False,False,False,True,ELIGIBLE: No prior increases,True,-1.9787617541234406,True,Overcapacity reduction: -2.0 units (excess: 3.3)
S01039,SPU_夹克_0939,夹克,transition,3,5.047113590721832,4.3537496428171245,INELIGIBLE,0.6933639479047073,True,0.6933639479047073,2.018845436288733,0.6933639479047073,False,False,False,True,ELIGIBLE: No prior increases,False,-0.6933639479047073,True,Overcapacity reduction: -0.7 units (excess: 0.7)
S01040,SPU_针织衫_0940,针织衫,transition,1,11.893760858204345,10.070618152958323,INELIGIBLE,1.8231427052460223,True,1.8231427052460223,4.757504343281738,1.8231427052460223,False,False,False,True,ELIGIBLE: No prior increases,False,-1.8231427052460223,True,Overcapacity reduction: -1.8 units (excess: 1.8)
S01052,SPU_夹克_0952,夹克,transition,3,8.280647004853748,7.019614478286981,INELIGIBLE,1.2610325265667663,True,1.2610325265667663,3.3122588019414994,1.2610325265667663,False,False,False,True,ELIGIBLE: No prior increases,False,-1.2610325265667663,True,Overcapacity reduction: -1.3 units (excess: 1.3)
S01056,SPU_短袖_0956,短袖,summer,1,5.378560187723963,4.0663110045624835,ELIGIBLE,1.3122491831614793,True,1.3122491831614793,2.151424075089585,1.3122491831614793,False,False,False,True,ELIGIBLE: No prior increases,False,-1.3122491831614793,True,Overcapacity reduction: -1.3 units (excess: 1.3)
S01059,SPU_直筒裤_0959,直筒裤,core,4,11.874853918813631,7.458987116382937,ELIGIBLE,4.415866802430695,True,4.415866802430695,2.3749707837627265,2.3749707837627265,False,False,False,True,ELIGIBLE: No prior increases,True,-2.3749707837627265,True,Overcapacity reduction: -2.4 units (excess: 4.4)
S01065,SPU_夹克_0965,夹克,transition,5,16.443400033315463,13.055732948459443,INELIGIBLE,3.3876670848560195,True,3.3876670848560195,6.577360013326185,3.3876670848560195,False,False,False,True,ELIGIBLE: No prior increases,False,-3.3876670848560195,True,Overcapacity reduction: -3.4 units (excess: 3.4)
S01067,SPU_T恤_0967,T恤,summer,5,5.753645147344732,4.403540740494091,ELIGIBLE,1.3501044068506403,True,1.3501044068506403,2.3014580589378926,1.3501044068506403,False,False,False,True,ELIGIBLE: No prior increases,False,-1.3501044068506403,True,Overcapacity reduction: -1.4 units (excess: 1.4)
S01069,SPU_短袖_0969,短袖,summer,3,11.735581518951888,7.216024968220024,ELIGIBLE,4.519556550731863,True,4.519556550731863,4.694232607580755,4.519556550731863,False,False,False,True,ELIGIBLE: No prior increases,False,-4.519556550731863,True,Overcapacity reduction: -4.5 units (excess: 4.5)
S01071,SPU_配饰_0971,配饰,all_season,3,7.602440755325331,6.389347662897418,ELIGIBLE,1.213093092427913,True,1.213093092427913,3.0409763021301326,1.213093092427913,False,False,False,True,ELIGIBLE: No prior increases,False,-1.213093092427913,True,Overcapacity reduction: -1.2 units (excess: 1.2)
S01072,SPU_直筒裤_0972,直筒裤,core,3,16.261544738165835,13.526863946877384,ELIGIBLE,2.7346807912884508,True,2.7346807912884508,3.2523089476331672,2.7346807912884508,False,False,False,True,ELIGIBLE: No prior increases,True,-2.7346807912884508,True,Overcapacity reduction: -2.7 units (excess: 2.7)
S01083,SPU_内衣_0983,内衣,all_season,1,19.032267702912435,13.546267533862894,ELIGIBLE,5.486000169049541,True,5.486000169049541,7.612907081164974,5.486000169049541,False,False,False,True,ELIGIBLE: No prior increases,False,-5.486000169049541,True,Overcapacity reduction: -5.5 units (excess: 5.5)
S01084,SPU_配饰_0984,配饰,all_season,4,7.977366119080236,5.360764577530887,ELIGIBLE,2.6166015415493495,True,2.6166015415493495,3.190946447632095,2.6166015415493495,False,False,False,True,ELIGIBLE: No prior increases,False,-2.6166015415493495,True,Overcapacity reduction: -2.6 units (excess: 2.6)
S01088,SPU_羽绒服_0988,羽绒服,winter,3,9.414001049556715,8.307478171417005,INELIGIBLE,1.1065228781397103,True,1.1065228781397103,3.765600419822686,1.1065228781397103,False,False,False,True,ELIGIBLE: No prior increases,False,-1.1065228781397103,True,Overcapacity reduction: -1.1 units (excess: 1.1)
S01089,SPU_棉服_0989,棉服,winter,1,5.10316943329474,4.077723656795545,INELIGIBLE,1.025445776499195,True,1.025445776499195,2.041267773317896,1.025445776499195,False,False,False,True,ELIGIBLE: No prior increases,False,-1.025445776499195,True,Overcapacity reduction: -1.0 units (excess: 1.0)
S01091,SPU_夹克_0991,夹克,transition,4,18.637628960803784,15.04646992519459,INELIGIBLE,3.591159035609195,True,3.591159035609195,7.455051584321514,3.591159035609195,False,False,False,True,ELIGIBLE: No prior increases,False,-3.591159035609195,True,Overcapacity reduction: -3.6 units (excess: 3.6)
S01094,SPU_短裤_0994,短裤,summer,5,12.97182371283958,9.700924859542141,ELIGIBLE,3.270898853297439,True,3.270898853297439,5.188729485135832,3.270898853297439,False,False,False,True,ELIGIBLE: No prior increases,False,-3.270898853297439,True,Overcapacity reduction: -3.3 units (excess: 3.3)
S01096,SPU_内衣_0996,内衣,all_season,1,10.851803520325088,6.658392704801159,ELIGIBLE,4.193410815523929,True,4.193410815523929,4.340721408130036,4.193410815523929,False,False,False,True,ELIGIBLE: No prior increases,False,-4.193410815523929,True,Overcapacity reduction: -4.2 units (excess: 4.2)
